﻿<?xml version="1.0" encoding="utf-8"?>
<abapGit version="v1.0.0" serializer="LCL_OBJECT_DTEL" serializer_version="v1.0.0">
 <asx:abap xmlns:asx="http://www.sap.com/abapxml" version="1.0">
  <asx:values>
   <DD04V>
    <ROLLNAME>Z_DE_INT_TYPE</ROLLNAME>
    <DDLANGUAGE>E</DDLANGUAGE>
    <DOMNAME>QLAST_CAST_TYPE_DOMAIN</DOMNAME>
    <HEADLEN>55</HEADLEN>
    <SCRLEN1>10</SCRLEN1>
    <SCRLEN2>20</SCRLEN2>
    <SCRLEN3>40</SCRLEN3>
    <DDTEXT>QLAST_CAST_TYPE_DOMAIN</DDTEXT>
    <REPTEXT>Internal Data Type</REPTEXT>
    <SCRTEXT_S>Data Type</SCRTEXT_S>
    <SCRTEXT_M>Internal Data Type</SCRTEXT_M>
    <SCRTEXT_L>Internal Data Type</SCRTEXT_L>
    <DTELMASTER>E</DTELMASTER>
    <REFKIND>D</REFKIND>
   </DD04V>
  </asx:values>
 </asx:abap>
</abapGit>
