﻿<?xml version="1.0" encoding="utf-8"?>
<abapGit version="v1.0.0" serializer="LCL_OBJECT_DTEL" serializer_version="v1.0.0">
 <asx:abap xmlns:asx="http://www.sap.com/abapxml" version="1.0">
  <asx:values>
   <DD04V>
    <ROLLNAME>Z_DE_SEL_SOURCE_TYPE</ROLLNAME>
    <DDLANGUAGE>E</DDLANGUAGE>
    <DOMNAME>Z_DM_SEL_SOURCE_TYPE</DOMNAME>
    <HEADLEN>55</HEADLEN>
    <SCRLEN1>10</SCRLEN1>
    <SCRLEN2>20</SCRLEN2>
    <SCRLEN3>40</SCRLEN3>
    <DDTEXT>CDS Selection Source Type</DDTEXT>
    <REPTEXT>Selection Source Type</REPTEXT>
    <SCRTEXT_S>Sel SrcTyp</SCRTEXT_S>
    <SCRTEXT_M>Sel Source Type</SCRTEXT_M>
    <SCRTEXT_L>Selection Source Type</SCRTEXT_L>
    <DTELMASTER>E</DTELMASTER>
    <REFKIND>D</REFKIND>
   </DD04V>
  </asx:values>
 </asx:abap>
</abapGit>
