﻿<?xml version="1.0" encoding="utf-8"?>
<abapGit version="v1.0.0" serializer="LCL_OBJECT_DTEL" serializer_version="v1.0.0">
 <asx:abap xmlns:asx="http://www.sap.com/abapxml" version="1.0">
  <asx:values>
   <DD04V>
    <ROLLNAME>Z_DE_AGGR_FUNCTION</ROLLNAME>
    <DDLANGUAGE>E</DDLANGUAGE>
    <DOMNAME>Z_DM_AGGR_FUNCTION</DOMNAME>
    <HEADLEN>55</HEADLEN>
    <SCRLEN1>10</SCRLEN1>
    <SCRLEN2>20</SCRLEN2>
    <SCRLEN3>40</SCRLEN3>
    <DDTEXT>CDS Aggregate Functions</DDTEXT>
    <REPTEXT>Aggregate Functions</REPTEXT>
    <SCRTEXT_S>Aggr Func</SCRTEXT_S>
    <SCRTEXT_M>Aggregate Functions</SCRTEXT_M>
    <SCRTEXT_L>Aggregate Functions</SCRTEXT_L>
    <DTELMASTER>E</DTELMASTER>
    <REFKIND>D</REFKIND>
   </DD04V>
  </asx:values>
 </asx:abap>
</abapGit>
