﻿<?xml version="1.0" encoding="utf-8"?>
<abapGit version="v1.0.0" serializer="LCL_OBJECT_DTEL" serializer_version="v1.0.0">
 <asx:abap xmlns:asx="http://www.sap.com/abapxml" version="1.0">
  <asx:values>
   <DD04V>
    <ROLLNAME>Z_DE_GROUP</ROLLNAME>
    <DDLANGUAGE>E</DDLANGUAGE>
    <DOMNAME>Z_DM_GROUP</DOMNAME>
    <HEADLEN>55</HEADLEN>
    <SCRLEN1>10</SCRLEN1>
    <SCRLEN2>20</SCRLEN2>
    <SCRLEN3>40</SCRLEN3>
    <DDTEXT>Selection Constraint Groups</DDTEXT>
    <REPTEXT>Group Marker</REPTEXT>
    <SCRTEXT_S>Group Mark</SCRTEXT_S>
    <SCRTEXT_M>Group Marker</SCRTEXT_M>
    <SCRTEXT_L>Group Marker</SCRTEXT_L>
    <DTELMASTER>E</DTELMASTER>
    <REFKIND>D</REFKIND>
   </DD04V>
  </asx:values>
 </asx:abap>
</abapGit>
