﻿<?xml version="1.0" encoding="utf-8"?>
<abapGit version="v1.0.0" serializer="LCL_OBJECT_DTEL" serializer_version="v1.0.0">
 <asx:abap xmlns:asx="http://www.sap.com/abapxml" version="1.0">
  <asx:values>
   <DD04V>
    <ROLLNAME>Z_DE_ALIAS</ROLLNAME>
    <DDLANGUAGE>E</DDLANGUAGE>
    <DOMNAME>Z_DM_ALIAS</DOMNAME>
    <HEADLEN>20</HEADLEN>
    <SCRLEN1>10</SCRLEN1>
    <SCRLEN2>20</SCRLEN2>
    <SCRLEN3>40</SCRLEN3>
    <DDTEXT>Alias</DDTEXT>
    <REPTEXT>Alias</REPTEXT>
    <SCRTEXT_S>Alias</SCRTEXT_S>
    <SCRTEXT_M>Alias</SCRTEXT_M>
    <SCRTEXT_L>Alias</SCRTEXT_L>
    <DTELMASTER>E</DTELMASTER>
    <REFKIND>D</REFKIND>
   </DD04V>
  </asx:values>
 </asx:abap>
</abapGit>
