﻿<?xml version="1.0" encoding="utf-8"?>
<abapGit version="v1.0.0" serializer="LCL_OBJECT_DOMA" serializer_version="v1.0.0">
 <asx:abap xmlns:asx="http://www.sap.com/abapxml" version="1.0">
  <asx:values>
   <DD01V>
    <DOMNAME>Z_DM_NODE_TYPE</DOMNAME>
    <DDLANGUAGE>E</DDLANGUAGE>
    <DATATYPE>CHAR</DATATYPE>
    <LENG>000001</LENG>
    <OUTPUTLEN>000001</OUTPUTLEN>
    <VALEXI>X</VALEXI>
    <DDTEXT>Domain Check</DDTEXT>
   </DD01V>
   <DD07V_TAB>
    <DD07V>
     <DOMNAME>Z_DM_NODE_TYPE</DOMNAME>
     <VALPOS>0001</VALPOS>
     <DDLANGUAGE>E</DDLANGUAGE>
     <DOMVALUE_L>V</DOMVALUE_L>
     <DDTEXT>Data Definition</DDTEXT>
    </DD07V>
    <DD07V>
     <DOMNAME>Z_DM_NODE_TYPE</DOMNAME>
     <VALPOS>0002</VALPOS>
     <DDLANGUAGE>E</DDLANGUAGE>
     <DOMVALUE_L>A</DOMVALUE_L>
     <DDTEXT>Associations</DDTEXT>
    </DD07V>
    <DD07V>
     <DOMNAME>Z_DM_NODE_TYPE</DOMNAME>
     <VALPOS>0003</VALPOS>
     <DDLANGUAGE>E</DDLANGUAGE>
     <DOMVALUE_L>J</DOMVALUE_L>
     <DDTEXT>Joins</DDTEXT>
    </DD07V>
    <DD07V>
     <DOMNAME>Z_DM_NODE_TYPE</DOMNAME>
     <VALPOS>0004</VALPOS>
     <DDLANGUAGE>E</DDLANGUAGE>
     <DOMVALUE_L>R</DOMVALUE_L>
     <DDTEXT>Referential Constraints</DDTEXT>
    </DD07V>
    <DD07V>
     <DOMNAME>Z_DM_NODE_TYPE</DOMNAME>
     <VALPOS>0005</VALPOS>
     <DDLANGUAGE>E</DDLANGUAGE>
     <DOMVALUE_L>S</DOMVALUE_L>
     <DDTEXT>Selection Constraints</DDTEXT>
    </DD07V>
    <DD07V>
     <DOMNAME>Z_DM_NODE_TYPE</DOMNAME>
     <VALPOS>0006</VALPOS>
     <DDLANGUAGE>E</DDLANGUAGE>
     <DOMVALUE_L>E</DOMVALUE_L>
     <DDTEXT>Elements</DDTEXT>
    </DD07V>
    <DD07V>
     <DOMNAME>Z_DM_NODE_TYPE</DOMNAME>
     <VALPOS>0007</VALPOS>
     <DDLANGUAGE>E</DDLANGUAGE>
     <DOMVALUE_L>P</DOMVALUE_L>
     <DDTEXT>Parameters</DDTEXT>
    </DD07V>
   </DD07V_TAB>
  </asx:values>
 </asx:abap>
</abapGit>
