﻿<?xml version="1.0" encoding="utf-8"?>
<abapGit version="v1.0.0" serializer="LCL_OBJECT_DOMA" serializer_version="v1.0.0">
 <asx:abap xmlns:asx="http://www.sap.com/abapxml" version="1.0">
  <asx:values>
   <DD01V>
    <DOMNAME>Z_DM_SEL_SOURCE_TYPE</DOMNAME>
    <DDLANGUAGE>E</DDLANGUAGE>
    <DATATYPE>CHAR</DATATYPE>
    <LENG>000010</LENG>
    <OUTPUTLEN>000010</OUTPUTLEN>
    <VALEXI>X</VALEXI>
    <DDTEXT>CDS Selection Source Type</DDTEXT>
   </DD01V>
   <DD07V_TAB>
    <DD07V>
     <DOMNAME>Z_DM_SEL_SOURCE_TYPE</DOMNAME>
     <VALPOS>0001</VALPOS>
     <DDLANGUAGE>E</DDLANGUAGE>
     <DOMVALUE_L>TABLE</DOMVALUE_L>
     <DDTEXT>DDIC Table</DDTEXT>
    </DD07V>
    <DD07V>
     <DOMNAME>Z_DM_SEL_SOURCE_TYPE</DOMNAME>
     <VALPOS>0002</VALPOS>
     <DDLANGUAGE>E</DDLANGUAGE>
     <DOMVALUE_L>VIEW</DOMVALUE_L>
     <DDTEXT>DDIC View</DDTEXT>
    </DD07V>
    <DD07V>
     <DOMNAME>Z_DM_SEL_SOURCE_TYPE</DOMNAME>
     <VALPOS>0003</VALPOS>
     <DDLANGUAGE>E</DDLANGUAGE>
     <DOMVALUE_L>DDL</DOMVALUE_L>
     <DDTEXT>CDS DDL</DDTEXT>
    </DD07V>
   </DD07V_TAB>
  </asx:values>
 </asx:abap>
</abapGit>
