﻿<?xml version="1.0" encoding="utf-8"?>
<abapGit version="v1.0.0" serializer="LCL_OBJECT_TABL" serializer_version="v1.0.0">
 <asx:abap xmlns:asx="http://www.sap.com/abapxml" version="1.0">
  <asx:values>
   <DD02V>
    <TABNAME>ZCDS_VIEW_REF_CONSTRAINTS</TABNAME>
    <DDLANGUAGE>E</DDLANGUAGE>
    <TABCLASS>INTTAB</TABCLASS>
    <DDTEXT>CDS View Referntial Constraints for Joins/Associations</DDTEXT>
   </DD02V>
   <DD03P_TABLE>
    <DD03P>
     <TABNAME>ZCDS_VIEW_REF_CONSTRAINTS</TABNAME>
     <FIELDNAME>DEPENDENT_PROPERTY_REF</FIELDNAME>
     <POSITION>0001</POSITION>
     <ROLLNAME>/IWBEP/SBDM_ELEMENT_NAME</ROLLNAME>
     <ADMINFIELD>0</ADMINFIELD>
     <COMPTYPE>E</COMPTYPE>
    </DD03P>
    <DD03P>
     <TABNAME>ZCDS_VIEW_REF_CONSTRAINTS</TABNAME>
     <FIELDNAME>DEPENDENT_ROLE</FIELDNAME>
     <POSITION>0002</POSITION>
     <ROLLNAME>/IWBEP/SBDM_ELEMENT_NAME</ROLLNAME>
     <ADMINFIELD>0</ADMINFIELD>
     <COMPTYPE>E</COMPTYPE>
    </DD03P>
    <DD03P>
     <TABNAME>ZCDS_VIEW_REF_CONSTRAINTS</TABNAME>
     <FIELDNAME>PRINCIPAL_PROPERTY_REF</FIELDNAME>
     <POSITION>0003</POSITION>
     <ROLLNAME>/IWBEP/SBDM_ELEMENT_NAME</ROLLNAME>
     <ADMINFIELD>0</ADMINFIELD>
     <COMPTYPE>E</COMPTYPE>
    </DD03P>
    <DD03P>
     <TABNAME>ZCDS_VIEW_REF_CONSTRAINTS</TABNAME>
     <FIELDNAME>PRINCIPAL_ROLE</FIELDNAME>
     <POSITION>0004</POSITION>
     <ROLLNAME>/IWBEP/SBDM_ELEMENT_NAME</ROLLNAME>
     <ADMINFIELD>0</ADMINFIELD>
     <COMPTYPE>E</COMPTYPE>
    </DD03P>
   </DD03P_TABLE>
  </asx:values>
 </asx:abap>
</abapGit>
