﻿<?xml version="1.0" encoding="utf-8"?>
<abapGit version="v1.0.0" serializer="LCL_OBJECT_TABL" serializer_version="v1.0.0">
 <asx:abap xmlns:asx="http://www.sap.com/abapxml" version="1.0">
  <asx:values>
   <DD02V>
    <TABNAME>ZCDS_VIEW_ENTITY</TABNAME>
    <DDLANGUAGE>E</DDLANGUAGE>
    <TABCLASS>INTTAB</TABCLASS>
    <DDTEXT>Structure for CDS View Entity</DDTEXT>
   </DD02V>
   <DD03P_TABLE>
    <DD03P>
     <TABNAME>ZCDS_VIEW_ENTITY</TABNAME>
     <FIELDNAME>DDL_NAME</FIELDNAME>
     <POSITION>0001</POSITION>
     <ROLLNAME>DDLNAME</ROLLNAME>
     <ADMINFIELD>0</ADMINFIELD>
     <COMPTYPE>E</COMPTYPE>
    </DD03P>
    <DD03P>
     <TABNAME>ZCDS_VIEW_ENTITY</TABNAME>
     <FIELDNAME>ENTITY</FIELDNAME>
     <POSITION>0002</POSITION>
     <ROLLNAME>Z_DE_ENTITY_NAME</ROLLNAME>
     <ADMINFIELD>0</ADMINFIELD>
     <COMPTYPE>E</COMPTYPE>
    </DD03P>
    <DD03P>
     <TABNAME>ZCDS_VIEW_ENTITY</TABNAME>
     <FIELDNAME>ALIAS</FIELDNAME>
     <POSITION>0003</POSITION>
     <ROLLNAME>Z_DE_ALIAS</ROLLNAME>
     <ADMINFIELD>0</ADMINFIELD>
     <COMPTYPE>E</COMPTYPE>
    </DD03P>
    <DD03P>
     <TABNAME>ZCDS_VIEW_ENTITY</TABNAME>
     <FIELDNAME>SOURCE_TYPE</FIELDNAME>
     <POSITION>0004</POSITION>
     <ROLLNAME>Z_DE_SOURCE_TYPE</ROLLNAME>
     <ADMINFIELD>0</ADMINFIELD>
     <VALEXI>X</VALEXI>
     <SHLPORIGIN>F</SHLPORIGIN>
     <COMPTYPE>E</COMPTYPE>
    </DD03P>
    <DD03P>
     <TABNAME>ZCDS_VIEW_ENTITY</TABNAME>
     <FIELDNAME>SEL_SOURCE</FIELDNAME>
     <POSITION>0005</POSITION>
     <ROLLNAME>Z_DE_SEL_SOURCE</ROLLNAME>
     <ADMINFIELD>0</ADMINFIELD>
     <COMPTYPE>E</COMPTYPE>
    </DD03P>
    <DD03P>
     <TABNAME>ZCDS_VIEW_ENTITY</TABNAME>
     <FIELDNAME>SEL_SOURCE_TYPE</FIELDNAME>
     <POSITION>0006</POSITION>
     <ROLLNAME>Z_DE_SEL_SOURCE_TYPE</ROLLNAME>
     <ADMINFIELD>0</ADMINFIELD>
     <VALEXI>X</VALEXI>
     <SHLPORIGIN>F</SHLPORIGIN>
     <COMPTYPE>E</COMPTYPE>
    </DD03P>
    <DD03P>
     <TABNAME>ZCDS_VIEW_ENTITY</TABNAME>
     <FIELDNAME>PARENT_NAME</FIELDNAME>
     <POSITION>0007</POSITION>
     <ROLLNAME>DDLPARENT</ROLLNAME>
     <ADMINFIELD>0</ADMINFIELD>
     <COMPTYPE>E</COMPTYPE>
    </DD03P>
    <DD03P>
     <TABNAME>ZCDS_VIEW_ENTITY</TABNAME>
     <FIELDNAME>AMDP_NAME</FIELDNAME>
     <POSITION>0008</POSITION>
     <ROLLNAME>DDAMDPNAME</ROLLNAME>
     <ADMINFIELD>0</ADMINFIELD>
     <COMPTYPE>E</COMPTYPE>
    </DD03P>
   </DD03P_TABLE>
  </asx:values>
 </asx:abap>
</abapGit>
