﻿<?xml version="1.0" encoding="utf-8"?>
<abapGit version="v1.0.0" serializer="LCL_OBJECT_TABL" serializer_version="v1.0.0">
 <asx:abap xmlns:asx="http://www.sap.com/abapxml" version="1.0">
  <asx:values>
   <DD02V>
    <TABNAME>ZCDS_VIEW_SEL_CONSTRAINTS</TABNAME>
    <DDLANGUAGE>E</DDLANGUAGE>
    <TABCLASS>INTTAB</TABCLASS>
    <DDTEXT>CDS View Selection Constrains</DDTEXT>
   </DD02V>
   <DD03P_TABLE>
    <DD03P>
     <TABNAME>ZCDS_VIEW_SEL_CONSTRAINTS</TABNAME>
     <FIELDNAME>ELEMENT</FIELDNAME>
     <POSITION>0001</POSITION>
     <ROLLNAME>FIELDNAME</ROLLNAME>
     <ADMINFIELD>0</ADMINFIELD>
     <COMPTYPE>E</COMPTYPE>
    </DD03P>
    <DD03P>
     <TABNAME>ZCDS_VIEW_SEL_CONSTRAINTS</TABNAME>
     <FIELDNAME>OPERATOR</FIELDNAME>
     <POSITION>0002</POSITION>
     <ROLLNAME>VOPERATOR</ROLLNAME>
     <ADMINFIELD>0</ADMINFIELD>
     <VALEXI>X</VALEXI>
     <SHLPORIGIN>F</SHLPORIGIN>
     <COMPTYPE>E</COMPTYPE>
    </DD03P>
    <DD03P>
     <TABNAME>ZCDS_VIEW_SEL_CONSTRAINTS</TABNAME>
     <FIELDNAME>VALUE</FIELDNAME>
     <POSITION>0003</POSITION>
     <ROLLNAME>Z_DE_VALUE</ROLLNAME>
     <ADMINFIELD>0</ADMINFIELD>
     <COMPTYPE>E</COMPTYPE>
    </DD03P>
    <DD03P>
     <TABNAME>ZCDS_VIEW_SEL_CONSTRAINTS</TABNAME>
     <FIELDNAME>CONNECTOR</FIELDNAME>
     <POSITION>0004</POSITION>
     <ROLLNAME>VSCONJ</ROLLNAME>
     <ADMINFIELD>0</ADMINFIELD>
     <VALEXI>X</VALEXI>
     <SHLPORIGIN>F</SHLPORIGIN>
     <COMPTYPE>E</COMPTYPE>
    </DD03P>
    <DD03P>
     <TABNAME>ZCDS_VIEW_SEL_CONSTRAINTS</TABNAME>
     <FIELDNAME>GROUP</FIELDNAME>
     <POSITION>0005</POSITION>
     <ROLLNAME>Z_DE_GROUP</ROLLNAME>
     <ADMINFIELD>0</ADMINFIELD>
     <VALEXI>X</VALEXI>
     <SHLPORIGIN>F</SHLPORIGIN>
     <COMPTYPE>E</COMPTYPE>
    </DD03P>
    <DD03P>
     <TABNAME>ZCDS_VIEW_SEL_CONSTRAINTS</TABNAME>
     <FIELDNAME>DOMAIN_CHECK</FIELDNAME>
     <POSITION>0006</POSITION>
     <ROLLNAME>Z_DE_DOMAIN_CHECK</ROLLNAME>
     <ADMINFIELD>0</ADMINFIELD>
     <COMPTYPE>E</COMPTYPE>
    </DD03P>
   </DD03P_TABLE>
  </asx:values>
 </asx:abap>
</abapGit>
