﻿<?xml version="1.0" encoding="utf-8"?>
<abapGit version="v1.0.0" serializer="LCL_OBJECT_TABL" serializer_version="v1.0.0">
 <asx:abap xmlns:asx="http://www.sap.com/abapxml" version="1.0">
  <asx:values>
   <DD02V>
    <TABNAME>ZCDS_DATA_SOURCE_CAPTURE</TABNAME>
    <DDLANGUAGE>E</DDLANGUAGE>
    <TABCLASS>INTTAB</TABCLASS>
    <DDTEXT>Structure for CDS Data Source Capture</DDTEXT>
   </DD02V>
   <DD03P_TABLE>
    <DD03P>
     <TABNAME>ZCDS_DATA_SOURCE_CAPTURE</TABNAME>
     <FIELDNAME>TBMA_VAL</FIELDNAME>
     <POSITION>0001</POSITION>
     <ROLLNAME>TABNAME16</ROLLNAME>
     <ADMINFIELD>0</ADMINFIELD>
     <SHLPORIGIN>D</SHLPORIGIN>
     <COMPTYPE>E</COMPTYPE>
    </DD03P>
    <DD03P>
     <TABNAME>ZCDS_DATA_SOURCE_CAPTURE</TABNAME>
     <FIELDNAME>VIMA_VAL</FIELDNAME>
     <POSITION>0002</POSITION>
     <ROLLNAME>VIEWNAME16</ROLLNAME>
     <ADMINFIELD>0</ADMINFIELD>
     <SHLPORIGIN>D</SHLPORIGIN>
     <COMPTYPE>E</COMPTYPE>
    </DD03P>
    <DD03P>
     <TABNAME>ZCDS_DATA_SOURCE_CAPTURE</TABNAME>
     <FIELDNAME>DDL_SOURCE</FIELDNAME>
     <POSITION>0003</POSITION>
     <ROLLNAME>DDLSOURCENAME</ROLLNAME>
     <ADMINFIELD>0</ADMINFIELD>
     <COMPTYPE>E</COMPTYPE>
    </DD03P>
    <DD03P>
     <TABNAME>ZCDS_DATA_SOURCE_CAPTURE</TABNAME>
     <FIELDNAME>FIELDLIST</FIELDNAME>
     <POSITION>0004</POSITION>
     <ROLLNAME>BAL_T_FLD</ROLLNAME>
     <ADMINFIELD>0</ADMINFIELD>
     <DATATYPE>TTYP</DATATYPE>
     <MASK>  TTYPL</MASK>
     <COMPTYPE>L</COMPTYPE>
    </DD03P>
    <DD03P>
     <TABNAME>ZCDS_DATA_SOURCE_CAPTURE</TABNAME>
     <FIELDNAME>ASSOC</FIELDNAME>
     <POSITION>0005</POSITION>
     <ROLLNAME>ZCDS_TT_ASSOC_SELECTION</ROLLNAME>
     <ADMINFIELD>0</ADMINFIELD>
     <DATATYPE>TTYP</DATATYPE>
     <MASK>  TTYPL</MASK>
     <COMPTYPE>L</COMPTYPE>
    </DD03P>
   </DD03P_TABLE>
  </asx:values>
 </asx:abap>
</abapGit>
