﻿<?xml version="1.0" encoding="utf-8"?>
<abapGit version="v1.0.0" serializer="LCL_OBJECT_TABL" serializer_version="v1.0.0">
 <asx:abap xmlns:asx="http://www.sap.com/abapxml" version="1.0">
  <asx:values>
   <DD02V>
    <TABNAME>ZCDS_VIEW_ASSOC_MODEL</TABNAME>
    <DDLANGUAGE>E</DDLANGUAGE>
    <TABCLASS>INTTAB</TABCLASS>
    <DDTEXT>View Join Model</DDTEXT>
   </DD02V>
   <DD03P_TABLE>
    <DD03P>
     <TABNAME>ZCDS_VIEW_ASSOC_MODEL</TABNAME>
     <FIELDNAME>NODE</FIELDNAME>
     <POSITION>0001</POSITION>
     <ROLLNAME>ZCDS_VIEW_ASSOCIATIONS</ROLLNAME>
     <ADMINFIELD>0</ADMINFIELD>
     <DATATYPE>STRU</DATATYPE>
     <MASK>  STRUS</MASK>
     <COMPTYPE>S</COMPTYPE>
    </DD03P>
    <DD03P>
     <TABNAME>ZCDS_VIEW_ASSOC_MODEL</TABNAME>
     <FIELDNAME>REF_CONSTRAINTS</FIELDNAME>
     <POSITION>0006</POSITION>
     <ROLLNAME>ZCDS_TT_VIEW_REF_CONSTRAINTS</ROLLNAME>
     <ADMINFIELD>0</ADMINFIELD>
     <DATATYPE>TTYP</DATATYPE>
     <MASK>  TTYPL</MASK>
     <COMPTYPE>L</COMPTYPE>
    </DD03P>
    <DD03P>
     <TABNAME>ZCDS_VIEW_ASSOC_MODEL</TABNAME>
     <FIELDNAME>SEL_CONSTRAINTS</FIELDNAME>
     <POSITION>0007</POSITION>
     <ROLLNAME>ZCDS_TT_VIEW_SEL_CONSTRAINTS</ROLLNAME>
     <ADMINFIELD>0</ADMINFIELD>
     <DATATYPE>TTYP</DATATYPE>
     <MASK>  TTYPL</MASK>
     <COMPTYPE>L</COMPTYPE>
    </DD03P>
   </DD03P_TABLE>
  </asx:values>
 </asx:abap>
</abapGit>
