﻿<?xml version="1.0" encoding="utf-8"?>
<abapGit version="v1.0.0" serializer="LCL_OBJECT_TABL" serializer_version="v1.0.0">
 <asx:abap xmlns:asx="http://www.sap.com/abapxml" version="1.0">
  <asx:values>
   <DD02V>
    <TABNAME>ZCDS_VIEW_PARAM</TABNAME>
    <DDLANGUAGE>E</DDLANGUAGE>
    <TABCLASS>INTTAB</TABCLASS>
    <DDTEXT>CDS View Parameters</DDTEXT>
   </DD02V>
   <DD03P_TABLE>
    <DD03P>
     <TABNAME>ZCDS_VIEW_PARAM</TABNAME>
     <FIELDNAME>NAME</FIELDNAME>
     <POSITION>0001</POSITION>
     <ROLLNAME>PARAMETER</ROLLNAME>
     <ADMINFIELD>0</ADMINFIELD>
     <COMPTYPE>E</COMPTYPE>
    </DD03P>
    <DD03P>
     <TABNAME>ZCDS_VIEW_PARAM</TABNAME>
     <FIELDNAME>ROLLNAME</FIELDNAME>
     <POSITION>0002</POSITION>
     <ROLLNAME>ROLLNAME</ROLLNAME>
     <ADMINFIELD>0</ADMINFIELD>
     <SHLPORIGIN>D</SHLPORIGIN>
     <COMPTYPE>E</COMPTYPE>
    </DD03P>
    <DD03P>
     <TABNAME>ZCDS_VIEW_PARAM</TABNAME>
     <FIELDNAME>INT_TYPE</FIELDNAME>
     <POSITION>0003</POSITION>
     <ROLLNAME>Z_DE_INT_TYPE</ROLLNAME>
     <ADMINFIELD>0</ADMINFIELD>
     <VALEXI>X</VALEXI>
     <SHLPORIGIN>F</SHLPORIGIN>
     <COMPTYPE>E</COMPTYPE>
    </DD03P>
    <DD03P>
     <TABNAME>ZCDS_VIEW_PARAM</TABNAME>
     <FIELDNAME>LENGTH</FIELDNAME>
     <POSITION>0004</POSITION>
     <ROLLNAME>DDLENG</ROLLNAME>
     <ADMINFIELD>0</ADMINFIELD>
     <COMPTYPE>E</COMPTYPE>
    </DD03P>
    <DD03P>
     <TABNAME>ZCDS_VIEW_PARAM</TABNAME>
     <FIELDNAME>DECIMALS</FIELDNAME>
     <POSITION>0005</POSITION>
     <ROLLNAME>DECIMALS</ROLLNAME>
     <ADMINFIELD>0</ADMINFIELD>
     <COMPTYPE>E</COMPTYPE>
    </DD03P>
   </DD03P_TABLE>
  </asx:values>
 </asx:abap>
</abapGit>
