﻿<?xml version="1.0" encoding="utf-8"?>
<abapGit version="v1.0.0" serializer="LCL_OBJECT_TABL" serializer_version="v1.0.0">
 <asx:abap xmlns:asx="http://www.sap.com/abapxml" version="1.0">
  <asx:values>
   <DD02V>
    <TABNAME>ZCDS_ASSOC_SELECTION</TABNAME>
    <DDLANGUAGE>E</DDLANGUAGE>
    <TABCLASS>INTTAB</TABCLASS>
    <DDTEXT>Helper for Association Selection</DDTEXT>
   </DD02V>
   <DD03P_TABLE>
    <DD03P>
     <TABNAME>ZCDS_ASSOC_SELECTION</TABNAME>
     <FIELDNAME>ASSOC_NAME</FIELDNAME>
     <POSITION>0001</POSITION>
     <ROLLNAME>Z_DE_ASSOC_NAME</ROLLNAME>
     <ADMINFIELD>0</ADMINFIELD>
     <COMPTYPE>E</COMPTYPE>
    </DD03P>
    <DD03P>
     <TABNAME>ZCDS_ASSOC_SELECTION</TABNAME>
     <FIELDNAME>TARGET</FIELDNAME>
     <POSITION>0002</POSITION>
     <ROLLNAME>DDLSOURCENAME</ROLLNAME>
     <ADMINFIELD>0</ADMINFIELD>
     <COMPTYPE>E</COMPTYPE>
    </DD03P>
    <DD03P>
     <TABNAME>ZCDS_ASSOC_SELECTION</TABNAME>
     <FIELDNAME>FIELDNAME</FIELDNAME>
     <POSITION>0003</POSITION>
     <ROLLNAME>FIELDNAME</ROLLNAME>
     <ADMINFIELD>0</ADMINFIELD>
     <COMPTYPE>E</COMPTYPE>
    </DD03P>
    <DD03P>
     <TABNAME>ZCDS_ASSOC_SELECTION</TABNAME>
     <FIELDNAME>SELECT</FIELDNAME>
     <POSITION>0004</POSITION>
     <ROLLNAME>SELECT</ROLLNAME>
     <ADMINFIELD>0</ADMINFIELD>
     <VALEXI>X</VALEXI>
     <SHLPORIGIN>F</SHLPORIGIN>
     <COMPTYPE>E</COMPTYPE>
    </DD03P>
    <DD03P>
     <TABNAME>ZCDS_ASSOC_SELECTION</TABNAME>
     <FIELDNAME>NODE_KEY</FIELDNAME>
     <POSITION>0005</POSITION>
     <ROLLNAME>SALV_DE_NODE_KEY</ROLLNAME>
     <ADMINFIELD>0</ADMINFIELD>
     <COMPTYPE>E</COMPTYPE>
    </DD03P>
    <DD03P>
     <TABNAME>ZCDS_ASSOC_SELECTION</TABNAME>
     <FIELDNAME>ELEMENT_TYPE</FIELDNAME>
     <POSITION>0006</POSITION>
     <ROLLNAME>Z_DE_ELEMENT_TYPE</ROLLNAME>
     <ADMINFIELD>0</ADMINFIELD>
     <VALEXI>X</VALEXI>
     <SHLPORIGIN>F</SHLPORIGIN>
     <COMPTYPE>E</COMPTYPE>
    </DD03P>
   </DD03P_TABLE>
  </asx:values>
 </asx:abap>
</abapGit>
