﻿<?xml version="1.0" encoding="utf-8"?>
<abapGit version="v1.0.0" serializer="LCL_OBJECT_MSAG" serializer_version="v1.0.0">
 <asx:abap xmlns:asx="http://www.sap.com/abapxml" version="1.0">
  <asx:values>
   <T100A>
    <ARBGB>ZCDS_MESSAGES</ARBGB>
    <MASTERLANG>E</MASTERLANG>
    <STEXT>Messages for CDS Modeller</STEXT>
   </T100A>
   <T100>
    <T100>
     <SPRSL>E</SPRSL>
     <ARBGB>ZCDS_MESSAGES</ARBGB>
     <MSGNR>000</MSGNR>
     <TEXT>&amp;1 is not a valid table. Please enter a valid Table.</TEXT>
    </T100>
    <T100>
     <SPRSL>E</SPRSL>
     <ARBGB>ZCDS_MESSAGES</ARBGB>
     <MSGNR>001</MSGNR>
     <TEXT>&amp;1 is not a valid view. Please enter a valid View</TEXT>
    </T100>
    <T100>
     <SPRSL>E</SPRSL>
     <ARBGB>ZCDS_MESSAGES</ARBGB>
     <MSGNR>002</MSGNR>
     <TEXT>&amp;1 is not a valid CDS Source. Please enter a valid one</TEXT>
    </T100>
    <T100>
     <SPRSL>E</SPRSL>
     <ARBGB>ZCDS_MESSAGES</ARBGB>
     <MSGNR>003</MSGNR>
     <TEXT>Data Definition &amp;1 already exists. Please choose another name.</TEXT>
    </T100>
    <T100>
     <SPRSL>E</SPRSL>
     <ARBGB>ZCDS_MESSAGES</ARBGB>
     <MSGNR>004</MSGNR>
     <TEXT>Please select relevant details to include into CDS View.</TEXT>
    </T100>
    <T100>
     <SPRSL>E</SPRSL>
     <ARBGB>ZCDS_MESSAGES</ARBGB>
     <MSGNR>005</MSGNR>
     <TEXT>Please select relevant node to insert details.</TEXT>
    </T100>
    <T100>
     <SPRSL>E</SPRSL>
     <ARBGB>ZCDS_MESSAGES</ARBGB>
     <MSGNR>006</MSGNR>
     <TEXT>Please select rows for deletion.</TEXT>
    </T100>
   </T100>
  </asx:values>
 </asx:abap>
</abapGit>
