﻿<?xml version="1.0" encoding="utf-8"?>
<abapGit version="v1.0.0" serializer="LCL_OBJECT_TABL" serializer_version="v1.0.0">
 <asx:abap xmlns:asx="http://www.sap.com/abapxml" version="1.0">
  <asx:values>
   <DD02V>
    <TABNAME>ZCDS_VIEW_ELEMENTS</TABNAME>
    <DDLANGUAGE>E</DDLANGUAGE>
    <TABCLASS>INTTAB</TABCLASS>
    <DDTEXT>ALV STructure for view builder</DDTEXT>
   </DD02V>
   <DD03P_TABLE>
    <DD03P>
     <TABNAME>ZCDS_VIEW_ELEMENTS</TABNAME>
     <FIELDNAME>ELEMENT</FIELDNAME>
     <POSITION>0001</POSITION>
     <ROLLNAME>Z_DE_ELEMENT</ROLLNAME>
     <ADMINFIELD>0</ADMINFIELD>
     <COMPTYPE>E</COMPTYPE>
    </DD03P>
    <DD03P>
     <TABNAME>ZCDS_VIEW_ELEMENTS</TABNAME>
     <FIELDNAME>ELEMENT_TYPE</FIELDNAME>
     <POSITION>0002</POSITION>
     <ROLLNAME>Z_DE_ELEMENT_TYPE</ROLLNAME>
     <ADMINFIELD>0</ADMINFIELD>
     <VALEXI>X</VALEXI>
     <SHLPORIGIN>F</SHLPORIGIN>
     <COMPTYPE>E</COMPTYPE>
    </DD03P>
    <DD03P>
     <TABNAME>ZCDS_VIEW_ELEMENTS</TABNAME>
     <FIELDNAME>ALIAS</FIELDNAME>
     <POSITION>0003</POSITION>
     <ROLLNAME>Z_DE_ALIAS</ROLLNAME>
     <ADMINFIELD>0</ADMINFIELD>
     <COMPTYPE>E</COMPTYPE>
    </DD03P>
    <DD03P>
     <TABNAME>ZCDS_VIEW_ELEMENTS</TABNAME>
     <FIELDNAME>IS_KEY</FIELDNAME>
     <POSITION>0004</POSITION>
     <ROLLNAME>Z_DE_IS_KEY</ROLLNAME>
     <ADMINFIELD>0</ADMINFIELD>
     <COMPTYPE>E</COMPTYPE>
    </DD03P>
    <DD03P>
     <TABNAME>ZCDS_VIEW_ELEMENTS</TABNAME>
     <FIELDNAME>GROUP_BY</FIELDNAME>
     <POSITION>0005</POSITION>
     <ROLLNAME>Z_DE_GROUP_BY</ROLLNAME>
     <ADMINFIELD>0</ADMINFIELD>
     <COMPTYPE>E</COMPTYPE>
    </DD03P>
    <DD03P>
     <TABNAME>ZCDS_VIEW_ELEMENTS</TABNAME>
     <FIELDNAME>AGGR_FUNCTION</FIELDNAME>
     <POSITION>0006</POSITION>
     <ROLLNAME>Z_DE_AGGR_FUNCTION</ROLLNAME>
     <ADMINFIELD>0</ADMINFIELD>
     <VALEXI>X</VALEXI>
     <SHLPORIGIN>F</SHLPORIGIN>
     <COMPTYPE>E</COMPTYPE>
    </DD03P>
   </DD03P_TABLE>
  </asx:values>
 </asx:abap>
</abapGit>
