﻿<?xml version="1.0" encoding="utf-8"?>
<abapGit version="v1.0.0" serializer="LCL_OBJECT_TABL" serializer_version="v1.0.0">
 <asx:abap xmlns:asx="http://www.sap.com/abapxml" version="1.0">
  <asx:values>
   <DD02V>
    <TABNAME>ZCDS_VIEW_TREE_NODES</TABNAME>
    <DDLANGUAGE>E</DDLANGUAGE>
    <TABCLASS>INTTAB</TABCLASS>
    <LANGDEP>X</LANGDEP>
    <DDTEXT>CDS View Tree Nodes</DDTEXT>
   </DD02V>
   <DD03P_TABLE>
    <DD03P>
     <TABNAME>ZCDS_VIEW_TREE_NODES</TABNAME>
     <FIELDNAME>.INCLUDE</FIELDNAME>
     <DDLANGUAGE>E</DDLANGUAGE>
     <POSITION>0001</POSITION>
     <ADMINFIELD>0</ADMINFIELD>
     <PRECFIELD>TREEV_NODE</PRECFIELD>
     <MASK>      S</MASK>
     <DDTEXT>Tree Control: Attributes of a Node</DDTEXT>
     <COMPTYPE>S</COMPTYPE>
     <GROUPNAME>NODE</GROUPNAME>
    </DD03P>
    <DD03P>
     <TABNAME>ZCDS_VIEW_TREE_NODES</TABNAME>
     <FIELDNAME>NODE_TYPE</FIELDNAME>
     <POSITION>0017</POSITION>
     <ROLLNAME>Z_DE_NODE_TYPE</ROLLNAME>
     <ADMINFIELD>0</ADMINFIELD>
     <VALEXI>X</VALEXI>
     <SHLPORIGIN>F</SHLPORIGIN>
     <COMPTYPE>E</COMPTYPE>
    </DD03P>
    <DD03P>
     <TABNAME>ZCDS_VIEW_TREE_NODES</TABNAME>
     <FIELDNAME>DUMMY_NODE</FIELDNAME>
     <POSITION>0018</POSITION>
     <ROLLNAME>XFLAG</ROLLNAME>
     <ADMINFIELD>0</ADMINFIELD>
     <VALEXI>X</VALEXI>
     <SHLPORIGIN>F</SHLPORIGIN>
     <COMPTYPE>E</COMPTYPE>
    </DD03P>
   </DD03P_TABLE>
  </asx:values>
 </asx:abap>
</abapGit>
