﻿<?xml version="1.0" encoding="utf-8"?>
<abapGit version="v1.0.0" serializer="LCL_OBJECT_TTYP" serializer_version="v1.0.0">
 <asx:abap xmlns:asx="http://www.sap.com/abapxml" version="1.0">
  <asx:values>
   <DD40V>
    <TYPENAME>ZCDS_TT_CDS_VIEW_NODE_TYPE</TYPENAME>
    <DDLANGUAGE>E</DDLANGUAGE>
    <ROWTYPE>Z_DE_NODE_TYPE</ROWTYPE>
    <ROWKIND>E</ROWKIND>
    <DATATYPE>CHAR</DATATYPE>
    <LENG>000001</LENG>
    <ACCESSMODE>T</ACCESSMODE>
    <KEYDEF>D</KEYDEF>
    <KEYKIND>N</KEYKIND>
    <DDTEXT>Table Type for CDS View Node Type</DDTEXT>
    <REFTYPE>E</REFTYPE>
   </DD40V>
  </asx:values>
 </asx:abap>
</abapGit>
