﻿<?xml version="1.0" encoding="utf-8"?>
<abapGit version="v1.0.0" serializer="LCL_OBJECT_TABL" serializer_version="v1.0.0">
 <asx:abap xmlns:asx="http://www.sap.com/abapxml" version="1.0">
  <asx:values>
   <DD02V>
    <TABNAME>ZCDS_MODELLING_MODEL</TABNAME>
    <DDLANGUAGE>E</DDLANGUAGE>
    <TABCLASS>INTTAB</TABCLASS>
    <DDTEXT>CDS Entity Model</DDTEXT>
   </DD02V>
   <DD03P_TABLE>
    <DD03P>
     <TABNAME>ZCDS_MODELLING_MODEL</TABNAME>
     <FIELDNAME>ENTITY</FIELDNAME>
     <POSITION>0001</POSITION>
     <ROLLNAME>ZCDS_VIEW_ENTITY_MODEL</ROLLNAME>
     <ADMINFIELD>0</ADMINFIELD>
     <DATATYPE>STRU</DATATYPE>
     <MASK>  STRUS</MASK>
     <COMPTYPE>S</COMPTYPE>
    </DD03P>
   </DD03P_TABLE>
  </asx:values>
 </asx:abap>
</abapGit>
