﻿<?xml version="1.0" encoding="utf-8"?>
<abapGit version="v1.0.0" serializer="LCL_OBJECT_TABL" serializer_version="v1.0.0">
 <asx:abap xmlns:asx="http://www.sap.com/abapxml" version="1.0">
  <asx:values>
   <DD02V>
    <TABNAME>ZCDS_ANNOTATION</TABNAME>
    <DDLANGUAGE>E</DDLANGUAGE>
    <TABCLASS>INTTAB</TABCLASS>
    <DDTEXT>CDS Annotations</DDTEXT>
   </DD02V>
   <DD03P_TABLE>
    <DD03P>
     <TABNAME>ZCDS_ANNOTATION</TABNAME>
     <FIELDNAME>ANNOT_KEY</FIELDNAME>
     <POSITION>0001</POSITION>
     <ROLLNAME>CHAR100</ROLLNAME>
     <ADMINFIELD>0</ADMINFIELD>
     <COMPTYPE>E</COMPTYPE>
    </DD03P>
    <DD03P>
     <TABNAME>ZCDS_ANNOTATION</TABNAME>
     <FIELDNAME>TOKEN_INDEX</FIELDNAME>
     <POSITION>0002</POSITION>
     <ROLLNAME>INT4</ROLLNAME>
     <ADMINFIELD>0</ADMINFIELD>
     <COMPTYPE>E</COMPTYPE>
    </DD03P>
    <DD03P>
     <TABNAME>ZCDS_ANNOTATION</TABNAME>
     <FIELDNAME>VALUE</FIELDNAME>
     <POSITION>0003</POSITION>
     <ROLLNAME>Z_DE_VALUE</ROLLNAME>
     <ADMINFIELD>0</ADMINFIELD>
     <COMPTYPE>E</COMPTYPE>
    </DD03P>
   </DD03P_TABLE>
  </asx:values>
 </asx:abap>
</abapGit>
