﻿<?xml version="1.0" encoding="utf-8"?>
<abapGit version="v1.0.0" serializer="LCL_OBJECT_CLAS" serializer_version="v1.0.0">
 <asx:abap xmlns:asx="http://www.sap.com/abapxml" version="1.0">
  <asx:values>
   <VSEOCLASS>
    <CLSNAME>ZCL_CDS_VIEW_BUILDER_GRID</CLSNAME>
    <VERSION>1</VERSION>
    <LANGU>E</LANGU>
    <DESCRIPT>CDS View Builder Grid</DESCRIPT>
    <EXPOSURE>1</EXPOSURE>
    <STATE>1</STATE>
    <CLSFINAL>X</CLSFINAL>
    <CLSCCINCL>X</CLSCCINCL>
    <FIXPT>X</FIXPT>
    <UNICODE>X</UNICODE>
    <MSG_ID>ZCDS_MESSAGES</MSG_ID>
   </VSEOCLASS>
   <TPOOL>
    <item>
     <ID>I</ID>
     <KEY>001</KEY>
     <ENTRY>Confirm Deletion</ENTRY>
     <LENGTH>26</LENGTH>
    </item>
    <item>
     <ID>I</ID>
     <KEY>002</KEY>
     <ENTRY>Do you want to delete selected rows?</ENTRY>
     <LENGTH>72</LENGTH>
    </item>
    <item>
     <ID>I</ID>
     <KEY>003</KEY>
     <ENTRY>Delete</ENTRY>
     <LENGTH>16</LENGTH>
    </item>
    <item>
     <ID>I</ID>
     <KEY>004</KEY>
     <ENTRY>Cancel</ENTRY>
     <LENGTH>16</LENGTH>
    </item>
   </TPOOL>
   <DESCRIPTIONS>
    <SEOCOMPOTX>
     <CLSNAME>ZCL_CDS_VIEW_BUILDER_GRID</CLSNAME>
     <CMPNAME>CHECK_DATA_CHANGED</CMPNAME>
     <LANGU>E</LANGU>
     <DESCRIPT>Check Data Changed</DESCRIPT>
    </SEOCOMPOTX>
    <SEOCOMPOTX>
     <CLSNAME>ZCL_CDS_VIEW_BUILDER_GRID</CLSNAME>
     <CMPNAME>CONSTRUCTOR</CMPNAME>
     <LANGU>E</LANGU>
     <DESCRIPT>CONSTRUCTOR</DESCRIPT>
    </SEOCOMPOTX>
    <SEOCOMPOTX>
     <CLSNAME>ZCL_CDS_VIEW_BUILDER_GRID</CLSNAME>
     <CMPNAME>DISPLAY_GRID</CMPNAME>
     <LANGU>E</LANGU>
     <DESCRIPT>Display Node Details</DESCRIPT>
    </SEOCOMPOTX>
    <SEOCOMPOTX>
     <CLSNAME>ZCL_CDS_VIEW_BUILDER_GRID</CLSNAME>
     <CMPNAME>GET_INSTANCE</CMPNAME>
     <LANGU>E</LANGU>
     <DESCRIPT>Get Grid Instance</DESCRIPT>
    </SEOCOMPOTX>
    <SEOCOMPOTX>
     <CLSNAME>ZCL_CDS_VIEW_BUILDER_GRID</CLSNAME>
     <CMPNAME>GET_NODE_TO_DISPLAY</CMPNAME>
     <LANGU>E</LANGU>
     <DESCRIPT>Get Node to Display</DESCRIPT>
    </SEOCOMPOTX>
    <SEOCOMPOTX>
     <CLSNAME>ZCL_CDS_VIEW_BUILDER_GRID</CLSNAME>
     <CMPNAME>GT_FIELDCATALOG</CMPNAME>
     <LANGU>E</LANGU>
     <DESCRIPT>Field Catalog for List Viewer Control</DESCRIPT>
    </SEOCOMPOTX>
    <SEOCOMPOTX>
     <CLSNAME>ZCL_CDS_VIEW_BUILDER_GRID</CLSNAME>
     <CMPNAME>HANDLE_CHANGED_DATA</CMPNAME>
     <LANGU>E</LANGU>
     <DESCRIPT>Handle Data Changed</DESCRIPT>
    </SEOCOMPOTX>
    <SEOCOMPOTX>
     <CLSNAME>ZCL_CDS_VIEW_BUILDER_GRID</CLSNAME>
     <CMPNAME>HANDLE_ONF4</CMPNAME>
     <LANGU>E</LANGU>
     <DESCRIPT>Handle F4 Help</DESCRIPT>
    </SEOCOMPOTX>
    <SEOCOMPOTX>
     <CLSNAME>ZCL_CDS_VIEW_BUILDER_GRID</CLSNAME>
     <CMPNAME>HANDLE_TOOLBAR</CMPNAME>
     <LANGU>E</LANGU>
     <DESCRIPT>Handle Toolbar</DESCRIPT>
    </SEOCOMPOTX>
    <SEOCOMPOTX>
     <CLSNAME>ZCL_CDS_VIEW_BUILDER_GRID</CLSNAME>
     <CMPNAME>HANDLE_USER_COMMAND</CMPNAME>
     <LANGU>E</LANGU>
     <DESCRIPT>Handle User Command</DESCRIPT>
    </SEOCOMPOTX>
    <SEOCOMPOTX>
     <CLSNAME>ZCL_CDS_VIEW_BUILDER_GRID</CLSNAME>
     <CMPNAME>IS_F4_REQUIRED</CMPNAME>
     <LANGU>E</LANGU>
     <DESCRIPT>Is ALV Frield Editable</DESCRIPT>
    </SEOCOMPOTX>
    <SEOCOMPOTX>
     <CLSNAME>ZCL_CDS_VIEW_BUILDER_GRID</CLSNAME>
     <CMPNAME>IS_FIELD_EDITABLE</CMPNAME>
     <LANGU>E</LANGU>
     <DESCRIPT>Is ALV Frield Editable</DESCRIPT>
    </SEOCOMPOTX>
    <SEOCOMPOTX>
     <CLSNAME>ZCL_CDS_VIEW_BUILDER_GRID</CLSNAME>
     <CMPNAME>MR_CONTAINER</CMPNAME>
     <LANGU>E</LANGU>
     <DESCRIPT>Container for customer controls in the dynpro area</DESCRIPT>
    </SEOCOMPOTX>
    <SEOCOMPOTX>
     <CLSNAME>ZCL_CDS_VIEW_BUILDER_GRID</CLSNAME>
     <CMPNAME>MR_GRID</CMPNAME>
     <LANGU>E</LANGU>
     <DESCRIPT>ALV List Viewer</DESCRIPT>
    </SEOCOMPOTX>
    <SEOCOMPOTX>
     <CLSNAME>ZCL_CDS_VIEW_BUILDER_GRID</CLSNAME>
     <CMPNAME>MR_VIEW_BUILDER</CMPNAME>
     <LANGU>E</LANGU>
     <DESCRIPT>CDS Modeller View Builder</DESCRIPT>
    </SEOCOMPOTX>
    <SEOCOMPOTX>
     <CLSNAME>ZCL_CDS_VIEW_BUILDER_GRID</CLSNAME>
     <CMPNAME>MR_VIEW_BUILDER_GRID</CMPNAME>
     <LANGU>E</LANGU>
     <DESCRIPT>CDS View Builder Grid</DESCRIPT>
    </SEOCOMPOTX>
    <SEOCOMPOTX>
     <CLSNAME>ZCL_CDS_VIEW_BUILDER_GRID</CLSNAME>
     <CMPNAME>MS_ITEM_DETAILS</CMPNAME>
     <LANGU>E</LANGU>
     <DESCRIPT>Current Node Item Details</DESCRIPT>
    </SEOCOMPOTX>
    <SEOCOMPOTX>
     <CLSNAME>ZCL_CDS_VIEW_BUILDER_GRID</CLSNAME>
     <CMPNAME>MS_NODE_DATAREF</CMPNAME>
     <LANGU>E</LANGU>
     <DESCRIPT>Current Node Data Reference</DESCRIPT>
    </SEOCOMPOTX>
    <SEOCOMPOTX>
     <CLSNAME>ZCL_CDS_VIEW_BUILDER_GRID</CLSNAME>
     <CMPNAME>MS_NODE_DETAILS</CMPNAME>
     <LANGU>E</LANGU>
     <DESCRIPT>Current Node Details</DESCRIPT>
    </SEOCOMPOTX>
    <SEOCOMPOTX>
     <CLSNAME>ZCL_CDS_VIEW_BUILDER_GRID</CLSNAME>
     <CMPNAME>MV_CONT_NAME</CMPNAME>
     <LANGU>E</LANGU>
     <DESCRIPT>30 Characters</DESCRIPT>
    </SEOCOMPOTX>
    <SEOCOMPOTX>
     <CLSNAME>ZCL_CDS_VIEW_BUILDER_GRID</CLSNAME>
     <CMPNAME>REGISTER_F4_FIELDS</CMPNAME>
     <LANGU>E</LANGU>
     <DESCRIPT>Register F4 fields</DESCRIPT>
    </SEOCOMPOTX>
    <SEOCOMPOTX>
     <CLSNAME>ZCL_CDS_VIEW_BUILDER_GRID</CLSNAME>
     <CMPNAME>SELECT_ELEMENTS</CMPNAME>
     <LANGU>E</LANGU>
     <DESCRIPT>Select Elements</DESCRIPT>
    </SEOCOMPOTX>
    <SEOCOMPOTX>
     <CLSNAME>ZCL_CDS_VIEW_BUILDER_GRID</CLSNAME>
     <CMPNAME>SELECT_REF_CONSTRAINTS</CMPNAME>
     <LANGU>E</LANGU>
     <DESCRIPT>Select Referential Constraints</DESCRIPT>
    </SEOCOMPOTX>
    <SEOCOMPOTX>
     <CLSNAME>ZCL_CDS_VIEW_BUILDER_GRID</CLSNAME>
     <CMPNAME>SELECT_SEL_CONSTRAINTS</CMPNAME>
     <LANGU>E</LANGU>
     <DESCRIPT>Select Selection Contraints</DESCRIPT>
    </SEOCOMPOTX>
    <SEOCOMPOTX>
     <CLSNAME>ZCL_CDS_VIEW_BUILDER_GRID</CLSNAME>
     <CMPNAME>SET_EVENT_AND_HANDLERS</CMPNAME>
     <LANGU>E</LANGU>
     <DESCRIPT>Set Event Handlers</DESCRIPT>
    </SEOCOMPOTX>
    <SEOCOMPOTX>
     <CLSNAME>ZCL_CDS_VIEW_BUILDER_GRID</CLSNAME>
     <CMPNAME>SET_FIELD_CATALOG_AND_DATA</CMPNAME>
     <LANGU>E</LANGU>
     <DESCRIPT>Set Grid Field Catalog and Data</DESCRIPT>
    </SEOCOMPOTX>
    <SEOCOMPOTX>
     <CLSNAME>ZCL_CDS_VIEW_BUILDER_GRID</CLSNAME>
     <CMPNAME>UPDATE_NODE_DATA_FROM_ALV</CMPNAME>
     <LANGU>E</LANGU>
     <DESCRIPT>Update Node Data From ALV</DESCRIPT>
    </SEOCOMPOTX>
    <SEOCOMPOTX>
     <CLSNAME>ZCL_CDS_VIEW_BUILDER_GRID</CLSNAME>
     <CMPNAME>VALIDATE_ASSOCIATIONS</CMPNAME>
     <LANGU>E</LANGU>
     <DESCRIPT>Validate Changed Data</DESCRIPT>
    </SEOCOMPOTX>
    <SEOCOMPOTX>
     <CLSNAME>ZCL_CDS_VIEW_BUILDER_GRID</CLSNAME>
     <CMPNAME>VALIDATE_CHANGED_DATA</CMPNAME>
     <LANGU>E</LANGU>
     <DESCRIPT>Validate Changed Data</DESCRIPT>
    </SEOCOMPOTX>
    <SEOCOMPOTX>
     <CLSNAME>ZCL_CDS_VIEW_BUILDER_GRID</CLSNAME>
     <CMPNAME>VALIDATE_ELEMENTS</CMPNAME>
     <LANGU>E</LANGU>
     <DESCRIPT>Validate Changed Data</DESCRIPT>
    </SEOCOMPOTX>
    <SEOCOMPOTX>
     <CLSNAME>ZCL_CDS_VIEW_BUILDER_GRID</CLSNAME>
     <CMPNAME>VALIDATE_ENTITY</CMPNAME>
     <LANGU>E</LANGU>
     <DESCRIPT>Validate Changed Data</DESCRIPT>
    </SEOCOMPOTX>
    <SEOCOMPOTX>
     <CLSNAME>ZCL_CDS_VIEW_BUILDER_GRID</CLSNAME>
     <CMPNAME>VALIDATE_JOINS</CMPNAME>
     <LANGU>E</LANGU>
     <DESCRIPT>Validate Changed Data</DESCRIPT>
    </SEOCOMPOTX>
    <SEOCOMPOTX>
     <CLSNAME>ZCL_CDS_VIEW_BUILDER_GRID</CLSNAME>
     <CMPNAME>VALIDATE_PARAMETERS</CMPNAME>
     <LANGU>E</LANGU>
     <DESCRIPT>Validate Changed Data</DESCRIPT>
    </SEOCOMPOTX>
    <SEOCOMPOTX>
     <CLSNAME>ZCL_CDS_VIEW_BUILDER_GRID</CLSNAME>
     <CMPNAME>VALIDATE_REF_CONSTRAINTS</CMPNAME>
     <LANGU>E</LANGU>
     <DESCRIPT>Validate Changed Data</DESCRIPT>
    </SEOCOMPOTX>
    <SEOCOMPOTX>
     <CLSNAME>ZCL_CDS_VIEW_BUILDER_GRID</CLSNAME>
     <CMPNAME>VALIDATE_SEL_CONSTRAINTS</CMPNAME>
     <LANGU>E</LANGU>
     <DESCRIPT>Validate Changed Data</DESCRIPT>
    </SEOCOMPOTX>
   </DESCRIPTIONS>
  </asx:values>
 </asx:abap>
</abapGit>
