﻿<?xml version="1.0" encoding="utf-8"?>
<abapGit version="v1.0.0" serializer="LCL_OBJECT_CLAS" serializer_version="v1.0.0">
 <asx:abap xmlns:asx="http://www.sap.com/abapxml" version="1.0">
  <asx:values>
   <VSEOCLASS>
    <CLSNAME>ZCL_CDS_ANNOT_GRID</CLSNAME>
    <VERSION>1</VERSION>
    <LANGU>E</LANGU>
    <DESCRIPT>CDS Modeller Annotation grid</DESCRIPT>
    <EXPOSURE>1</EXPOSURE>
    <STATE>1</STATE>
    <CLSFINAL>X</CLSFINAL>
    <CLSCCINCL>X</CLSCCINCL>
    <FIXPT>X</FIXPT>
    <UNICODE>X</UNICODE>
   </VSEOCLASS>
   <DESCRIPTIONS>
    <SEOCOMPOTX>
     <CLSNAME>ZCL_CDS_ANNOT_GRID</CLSNAME>
     <CMPNAME>CONSTRUCTOR</CMPNAME>
     <LANGU>E</LANGU>
     <DESCRIPT>CONSTRUCTOR</DESCRIPT>
    </SEOCOMPOTX>
    <SEOCOMPOTX>
     <CLSNAME>ZCL_CDS_ANNOT_GRID</CLSNAME>
     <CMPNAME>CREATE_DYNAMIC_TABLE</CMPNAME>
     <LANGU>E</LANGU>
     <DESCRIPT>Create Dynamic Table Structure</DESCRIPT>
    </SEOCOMPOTX>
    <SEOCOMPOTX>
     <CLSNAME>ZCL_CDS_ANNOT_GRID</CLSNAME>
     <CMPNAME>DISPLAY_GRID</CMPNAME>
     <LANGU>E</LANGU>
     <DESCRIPT>Display Annotation ALV Grid</DESCRIPT>
    </SEOCOMPOTX>
    <SEOCOMPOTX>
     <CLSNAME>ZCL_CDS_ANNOT_GRID</CLSNAME>
     <CMPNAME>GET_INSTANCE</CMPNAME>
     <LANGU>E</LANGU>
     <DESCRIPT>Instance Factory Method</DESCRIPT>
    </SEOCOMPOTX>
    <SEOCOMPOTX>
     <CLSNAME>ZCL_CDS_ANNOT_GRID</CLSNAME>
     <CMPNAME>HANDLE_CHANGED_DATA</CMPNAME>
     <LANGU>E</LANGU>
     <DESCRIPT>Handle Changed data from ALV</DESCRIPT>
    </SEOCOMPOTX>
    <SEOCOMPOTX>
     <CLSNAME>ZCL_CDS_ANNOT_GRID</CLSNAME>
     <CMPNAME>HANDLE_ONF4</CMPNAME>
     <LANGU>E</LANGU>
     <DESCRIPT>Handle F4</DESCRIPT>
    </SEOCOMPOTX>
    <SEOCOMPOTX>
     <CLSNAME>ZCL_CDS_ANNOT_GRID</CLSNAME>
     <CMPNAME>HANDLE_TOOLBAR</CMPNAME>
     <LANGU>E</LANGU>
     <DESCRIPT>Handle ALV Toolbar</DESCRIPT>
    </SEOCOMPOTX>
    <SEOCOMPOTX>
     <CLSNAME>ZCL_CDS_ANNOT_GRID</CLSNAME>
     <CMPNAME>MR_ALV_TABLE</CMPNAME>
     <LANGU>E</LANGU>
     <DESCRIPT>ALV Table</DESCRIPT>
    </SEOCOMPOTX>
    <SEOCOMPOTX>
     <CLSNAME>ZCL_CDS_ANNOT_GRID</CLSNAME>
     <CMPNAME>MR_ANNOT_GRID</CMPNAME>
     <LANGU>E</LANGU>
     <DESCRIPT>CDS Modeller Annotation grid</DESCRIPT>
    </SEOCOMPOTX>
    <SEOCOMPOTX>
     <CLSNAME>ZCL_CDS_ANNOT_GRID</CLSNAME>
     <CMPNAME>MR_ANNOT_TREE</CMPNAME>
     <LANGU>E</LANGU>
     <DESCRIPT>CDS Modeller Annotation Tree</DESCRIPT>
    </SEOCOMPOTX>
    <SEOCOMPOTX>
     <CLSNAME>ZCL_CDS_ANNOT_GRID</CLSNAME>
     <CMPNAME>MR_CONTAINER</CMPNAME>
     <LANGU>E</LANGU>
     <DESCRIPT>Container for customer controls in the dynpro area</DESCRIPT>
    </SEOCOMPOTX>
    <SEOCOMPOTX>
     <CLSNAME>ZCL_CDS_ANNOT_GRID</CLSNAME>
     <CMPNAME>MR_GRID</CMPNAME>
     <LANGU>E</LANGU>
     <DESCRIPT>ALV List Viewer</DESCRIPT>
    </SEOCOMPOTX>
    <SEOCOMPOTX>
     <CLSNAME>ZCL_CDS_ANNOT_GRID</CLSNAME>
     <CMPNAME>MR_TABLE_DEF</CMPNAME>
     <LANGU>E</LANGU>
     <DESCRIPT>Dynamic Table</DESCRIPT>
    </SEOCOMPOTX>
    <SEOCOMPOTX>
     <CLSNAME>ZCL_CDS_ANNOT_GRID</CLSNAME>
     <CMPNAME>MT_FIELDCAT</CMPNAME>
     <LANGU>E</LANGU>
     <DESCRIPT>Field Catalog for List Viewer Control</DESCRIPT>
    </SEOCOMPOTX>
    <SEOCOMPOTX>
     <CLSNAME>ZCL_CDS_ANNOT_GRID</CLSNAME>
     <CMPNAME>MV_CONT_NAME</CMPNAME>
     <LANGU>E</LANGU>
     <DESCRIPT>Grid Container Name</DESCRIPT>
    </SEOCOMPOTX>
    <SEOCOMPOTX>
     <CLSNAME>ZCL_CDS_ANNOT_GRID</CLSNAME>
     <CMPNAME>MV_CURRENT_NODE</CMPNAME>
     <LANGU>E</LANGU>
     <DESCRIPT>Currently Selected Node</DESCRIPT>
    </SEOCOMPOTX>
    <SEOCOMPOTX>
     <CLSNAME>ZCL_CDS_ANNOT_GRID</CLSNAME>
     <CMPNAME>REFRESH_OUTPUT_TABLE</CMPNAME>
     <LANGU>E</LANGU>
     <DESCRIPT>Refresh ALV Output Table</DESCRIPT>
    </SEOCOMPOTX>
    <SEOCOMPOTX>
     <CLSNAME>ZCL_CDS_ANNOT_GRID</CLSNAME>
     <CMPNAME>REFRESH_TABLE_DISPLAY</CMPNAME>
     <LANGU>E</LANGU>
     <DESCRIPT>Refresh Table Display</DESCRIPT>
    </SEOCOMPOTX>
    <SEOCOMPOTX>
     <CLSNAME>ZCL_CDS_ANNOT_GRID</CLSNAME>
     <CMPNAME>SET_EVENTS_AND_HANDLERS</CMPNAME>
     <LANGU>E</LANGU>
     <DESCRIPT>Set Grid Events</DESCRIPT>
    </SEOCOMPOTX>
    <SEOCOMPOTX>
     <CLSNAME>ZCL_CDS_ANNOT_GRID</CLSNAME>
     <CMPNAME>SET_GRID_TOOLBAR</CMPNAME>
     <LANGU>E</LANGU>
     <DESCRIPT>Set ALV Grid Toolbar</DESCRIPT>
    </SEOCOMPOTX>
   </DESCRIPTIONS>
  </asx:values>
 </asx:abap>
</abapGit>
