﻿<?xml version="1.0" encoding="utf-8"?>
<abapGit version="v1.0.0" serializer="LCL_OBJECT_CLAS" serializer_version="v1.0.0">
 <asx:abap xmlns:asx="http://www.sap.com/abapxml" version="1.0">
  <asx:values>
   <VSEOCLASS>
    <CLSNAME>ZCL_CDS_ANNOT_TREE</CLSNAME>
    <VERSION>1</VERSION>
    <LANGU>E</LANGU>
    <DESCRIPT>CDS Modeller Annotation Tree</DESCRIPT>
    <EXPOSURE>1</EXPOSURE>
    <STATE>1</STATE>
    <CLSFINAL>X</CLSFINAL>
    <CLSCCINCL>X</CLSCCINCL>
    <FIXPT>X</FIXPT>
    <UNICODE>X</UNICODE>
   </VSEOCLASS>
   <DESCRIPTIONS>
    <SEOCOMPOTX>
     <CLSNAME>ZCL_CDS_ANNOT_TREE</CLSNAME>
     <CMPNAME>ADD_CHILD_ANNOT_NODES</CMPNAME>
     <LANGU>E</LANGU>
     <DESCRIPT>Add Child Annotation Nodes</DESCRIPT>
    </SEOCOMPOTX>
    <SEOCOMPOTX>
     <CLSNAME>ZCL_CDS_ANNOT_TREE</CLSNAME>
     <CMPNAME>BUILD_NODES_ITEMS</CMPNAME>
     <LANGU>E</LANGU>
     <DESCRIPT>Build Tree Nodes and Items</DESCRIPT>
    </SEOCOMPOTX>
    <SEOCOMPOTX>
     <CLSNAME>ZCL_CDS_ANNOT_TREE</CLSNAME>
     <CMPNAME>CONSTRUCTOR</CMPNAME>
     <LANGU>E</LANGU>
     <DESCRIPT>CONSTRUCTOR</DESCRIPT>
    </SEOCOMPOTX>
    <SEOCOMPOTX>
     <CLSNAME>ZCL_CDS_ANNOT_TREE</CLSNAME>
     <CMPNAME>DISPLAY_TREE</CMPNAME>
     <LANGU>E</LANGU>
     <DESCRIPT>Display Annotation Tree</DESCRIPT>
    </SEOCOMPOTX>
    <SEOCOMPOTX>
     <CLSNAME>ZCL_CDS_ANNOT_TREE</CLSNAME>
     <CMPNAME>GET_INSTANCE</CMPNAME>
     <LANGU>E</LANGU>
     <DESCRIPT>Get Instance of Annotation Tree</DESCRIPT>
    </SEOCOMPOTX>
    <SEOCOMPOTX>
     <CLSNAME>ZCL_CDS_ANNOT_TREE</CLSNAME>
     <CMPNAME>GET_NODE_ANNOTATIONS</CMPNAME>
     <LANGU>E</LANGU>
     <DESCRIPT>Get Node Annotations</DESCRIPT>
    </SEOCOMPOTX>
    <SEOCOMPOTX>
     <CLSNAME>ZCL_CDS_ANNOT_TREE</CLSNAME>
     <CMPNAME>GET_NODE_TO_SCOPE</CMPNAME>
     <LANGU>E</LANGU>
     <DESCRIPT>Get Scope from Node Type</DESCRIPT>
    </SEOCOMPOTX>
    <SEOCOMPOTX>
     <CLSNAME>ZCL_CDS_ANNOT_TREE</CLSNAME>
     <CMPNAME>GET_SELECTED_NODE</CMPNAME>
     <LANGU>E</LANGU>
     <DESCRIPT>Get Selected Node</DESCRIPT>
    </SEOCOMPOTX>
    <SEOCOMPOTX>
     <CLSNAME>ZCL_CDS_ANNOT_TREE</CLSNAME>
     <CMPNAME>HANDLE_ITEM_DOUBLE_CLICK</CMPNAME>
     <LANGU>E</LANGU>
     <DESCRIPT>Handle Item Double Click</DESCRIPT>
    </SEOCOMPOTX>
    <SEOCOMPOTX>
     <CLSNAME>ZCL_CDS_ANNOT_TREE</CLSNAME>
     <CMPNAME>HANDLE_NODE_DOUBLE_CLICK</CMPNAME>
     <LANGU>E</LANGU>
     <DESCRIPT>Handle Node Double Click</DESCRIPT>
    </SEOCOMPOTX>
    <SEOCOMPOTX>
     <CLSNAME>ZCL_CDS_ANNOT_TREE</CLSNAME>
     <CMPNAME>MR_ANNOT_BIBLE</CMPNAME>
     <LANGU>E</LANGU>
     <DESCRIPT>CDS Annotation Modeller</DESCRIPT>
    </SEOCOMPOTX>
    <SEOCOMPOTX>
     <CLSNAME>ZCL_CDS_ANNOT_TREE</CLSNAME>
     <CMPNAME>MR_CDS_ANNOT_TREE</CMPNAME>
     <LANGU>E</LANGU>
     <DESCRIPT>CDS Modeller Annotation Tree</DESCRIPT>
    </SEOCOMPOTX>
    <SEOCOMPOTX>
     <CLSNAME>ZCL_CDS_ANNOT_TREE</CLSNAME>
     <CMPNAME>MR_CONTAINER</CMPNAME>
     <LANGU>E</LANGU>
     <DESCRIPT>Container for customer controls in the dynpro area</DESCRIPT>
    </SEOCOMPOTX>
    <SEOCOMPOTX>
     <CLSNAME>ZCL_CDS_ANNOT_TREE</CLSNAME>
     <CMPNAME>MR_TREE</CMPNAME>
     <LANGU>E</LANGU>
     <DESCRIPT>List Tree Control</DESCRIPT>
    </SEOCOMPOTX>
    <SEOCOMPOTX>
     <CLSNAME>ZCL_CDS_ANNOT_TREE</CLSNAME>
     <CMPNAME>MR_VIEW_BUILDER_TREE</CMPNAME>
     <LANGU>E</LANGU>
     <DESCRIPT>CDS Modeller View Builder</DESCRIPT>
    </SEOCOMPOTX>
    <SEOCOMPOTX>
     <CLSNAME>ZCL_CDS_ANNOT_TREE</CLSNAME>
     <CMPNAME>MS_VB_ITEM_DETAILS</CMPNAME>
     <LANGU>E</LANGU>
     <DESCRIPT>Tree Control: Structure TREEV_ITEM + TEXT Field of Length 72</DESCRIPT>
    </SEOCOMPOTX>
    <SEOCOMPOTX>
     <CLSNAME>ZCL_CDS_ANNOT_TREE</CLSNAME>
     <CMPNAME>MS_VB_NODE_DETAILS</CMPNAME>
     <LANGU>E</LANGU>
     <DESCRIPT>CDS View Tree Nodes</DESCRIPT>
    </SEOCOMPOTX>
    <SEOCOMPOTX>
     <CLSNAME>ZCL_CDS_ANNOT_TREE</CLSNAME>
     <CMPNAME>MT_EXPANDED_NODES</CMPNAME>
     <LANGU>E</LANGU>
     <DESCRIPT>Tree Control: Table with Node Keys</DESCRIPT>
    </SEOCOMPOTX>
    <SEOCOMPOTX>
     <CLSNAME>ZCL_CDS_ANNOT_TREE</CLSNAME>
     <CMPNAME>MT_ITEMS</CMPNAME>
     <LANGU>E</LANGU>
     <DESCRIPT>Table Type of Structure MTREEITM for View Item</DESCRIPT>
    </SEOCOMPOTX>
    <SEOCOMPOTX>
     <CLSNAME>ZCL_CDS_ANNOT_TREE</CLSNAME>
     <CMPNAME>MT_NODES</CMPNAME>
     <LANGU>E</LANGU>
     <DESCRIPT>Tree Control: Node Table</DESCRIPT>
    </SEOCOMPOTX>
    <SEOCOMPOTX>
     <CLSNAME>ZCL_CDS_ANNOT_TREE</CLSNAME>
     <CMPNAME>MV_CONT_NAME</CMPNAME>
     <LANGU>E</LANGU>
     <DESCRIPT>30 Characters</DESCRIPT>
    </SEOCOMPOTX>
    <SEOCOMPOTX>
     <CLSNAME>ZCL_CDS_ANNOT_TREE</CLSNAME>
     <CMPNAME>MV_CURRENT_NODE</CMPNAME>
     <LANGU>E</LANGU>
     <DESCRIPT>Tree Control: Node Key</DESCRIPT>
    </SEOCOMPOTX>
    <SEOCOMPOTX>
     <CLSNAME>ZCL_CDS_ANNOT_TREE</CLSNAME>
     <CMPNAME>MV_NODE_INDEX</CMPNAME>
     <LANGU>E</LANGU>
     <DESCRIPT>ABAP System Field: Loop Index</DESCRIPT>
    </SEOCOMPOTX>
    <SEOCOMPOTX>
     <CLSNAME>ZCL_CDS_ANNOT_TREE</CLSNAME>
     <CMPNAME>REBUILD_NODES_ITEMS</CMPNAME>
     <LANGU>E</LANGU>
     <DESCRIPT>Rebuild Nodes and Items</DESCRIPT>
    </SEOCOMPOTX>
    <SEOCOMPOTX>
     <CLSNAME>ZCL_CDS_ANNOT_TREE</CLSNAME>
     <CMPNAME>REGISTER_EVENTS</CMPNAME>
     <LANGU>E</LANGU>
     <DESCRIPT>Register Tree Events</DESCRIPT>
    </SEOCOMPOTX>
   </DESCRIPTIONS>
  </asx:values>
 </asx:abap>
</abapGit>
