﻿<?xml version="1.0" encoding="utf-8"?>
<abapGit version="v1.0.0" serializer="LCL_OBJECT_CLAS" serializer_version="v1.0.0">
 <asx:abap xmlns:asx="http://www.sap.com/abapxml" version="1.0">
  <asx:values>
   <VSEOCLASS>
    <CLSNAME>ZCL_CDS_VIEW_BUILDER_TREE</CLSNAME>
    <VERSION>1</VERSION>
    <LANGU>E</LANGU>
    <DESCRIPT>CDS Modeller View Builder</DESCRIPT>
    <EXPOSURE>2</EXPOSURE>
    <STATE>1</STATE>
    <CLSFINAL>X</CLSFINAL>
    <CLSCCINCL>X</CLSCCINCL>
    <FIXPT>X</FIXPT>
    <UNICODE>X</UNICODE>
   </VSEOCLASS>
   <DESCRIPTIONS>
    <SEOCOMPOTX>
     <CLSNAME>ZCL_CDS_VIEW_BUILDER_TREE</CLSNAME>
     <CMPNAME>ADD_COMP_NODE</CMPNAME>
     <LANGU>E</LANGU>
     <DESCRIPT>Add Dummy Nodes</DESCRIPT>
    </SEOCOMPOTX>
    <SEOCOMPOTX>
     <CLSNAME>ZCL_CDS_VIEW_BUILDER_TREE</CLSNAME>
     <CMPNAME>ADD_ITEM_NODE</CMPNAME>
     <LANGU>E</LANGU>
     <DESCRIPT>Add Item Details Node</DESCRIPT>
    </SEOCOMPOTX>
    <SEOCOMPOTX>
     <CLSNAME>ZCL_CDS_VIEW_BUILDER_TREE</CLSNAME>
     <CMPNAME>ADD_NODES</CMPNAME>
     <LANGU>E</LANGU>
     <DESCRIPT>Add Tree Nodes</DESCRIPT>
    </SEOCOMPOTX>
    <SEOCOMPOTX>
     <CLSNAME>ZCL_CDS_VIEW_BUILDER_TREE</CLSNAME>
     <CMPNAME>BUILD_NODES_ITEMS</CMPNAME>
     <LANGU>E</LANGU>
     <DESCRIPT>Build Tree Nodes and Items</DESCRIPT>
    </SEOCOMPOTX>
    <SEOCOMPOTX>
     <CLSNAME>ZCL_CDS_VIEW_BUILDER_TREE</CLSNAME>
     <CMPNAME>CONSTRUCTOR</CMPNAME>
     <LANGU>E</LANGU>
     <DESCRIPT>CONSTRUCTOR</DESCRIPT>
    </SEOCOMPOTX>
    <SEOCOMPOTX>
     <CLSNAME>ZCL_CDS_VIEW_BUILDER_TREE</CLSNAME>
     <CMPNAME>DISPLAY_TREE</CMPNAME>
     <LANGU>E</LANGU>
     <DESCRIPT>Create Tree</DESCRIPT>
    </SEOCOMPOTX>
    <SEOCOMPOTX>
     <CLSNAME>ZCL_CDS_VIEW_BUILDER_TREE</CLSNAME>
     <CMPNAME>GET_COMP_TO_NODE_TYPE</CMPNAME>
     <LANGU>E</LANGU>
     <DESCRIPT>Get Component to Node Type Mapping</DESCRIPT>
    </SEOCOMPOTX>
    <SEOCOMPOTX>
     <CLSNAME>ZCL_CDS_VIEW_BUILDER_TREE</CLSNAME>
     <CMPNAME>GET_CURRENT_NODE</CMPNAME>
     <LANGU>E</LANGU>
     <DESCRIPT>Provides the currently selected node</DESCRIPT>
    </SEOCOMPOTX>
    <SEOCOMPOTX>
     <CLSNAME>ZCL_CDS_VIEW_BUILDER_TREE</CLSNAME>
     <CMPNAME>GET_DEPENDENT_NODE_TYPES</CMPNAME>
     <LANGU>E</LANGU>
     <DESCRIPT>Build Dependent Node Types</DESCRIPT>
    </SEOCOMPOTX>
    <SEOCOMPOTX>
     <CLSNAME>ZCL_CDS_VIEW_BUILDER_TREE</CLSNAME>
     <CMPNAME>GET_INSTANCE</CMPNAME>
     <LANGU>E</LANGU>
     <DESCRIPT>Instantiate View Builder</DESCRIPT>
    </SEOCOMPOTX>
    <SEOCOMPOTX>
     <CLSNAME>ZCL_CDS_VIEW_BUILDER_TREE</CLSNAME>
     <CMPNAME>GET_MODE</CMPNAME>
     <LANGU>E</LANGU>
     <DESCRIPT>Get Mode</DESCRIPT>
    </SEOCOMPOTX>
    <SEOCOMPOTX>
     <CLSNAME>ZCL_CDS_VIEW_BUILDER_TREE</CLSNAME>
     <CMPNAME>GET_NODE_DETAILS</CMPNAME>
     <LANGU>E</LANGU>
     <DESCRIPT>Get Selected Node Type</DESCRIPT>
    </SEOCOMPOTX>
    <SEOCOMPOTX>
     <CLSNAME>ZCL_CDS_VIEW_BUILDER_TREE</CLSNAME>
     <CMPNAME>GET_NODE_TYPE_DESCR</CMPNAME>
     <LANGU>E</LANGU>
     <DESCRIPT>Get Node Type Description</DESCRIPT>
    </SEOCOMPOTX>
    <SEOCOMPOTX>
     <CLSNAME>ZCL_CDS_VIEW_BUILDER_TREE</CLSNAME>
     <CMPNAME>GET_USER_INPUT</CMPNAME>
     <LANGU>E</LANGU>
     <DESCRIPT>Get User Input</DESCRIPT>
    </SEOCOMPOTX>
    <SEOCOMPOTX>
     <CLSNAME>ZCL_CDS_VIEW_BUILDER_TREE</CLSNAME>
     <CMPNAME>HANDLE_EVENTS</CMPNAME>
     <LANGU>E</LANGU>
     <DESCRIPT>Handle Events</DESCRIPT>
    </SEOCOMPOTX>
    <SEOCOMPOTX>
     <CLSNAME>ZCL_CDS_VIEW_BUILDER_TREE</CLSNAME>
     <CMPNAME>HANDLE_ITEM_DOUBLE_CLICK</CMPNAME>
     <LANGU>E</LANGU>
     <DESCRIPT>Handle Item Double Click</DESCRIPT>
    </SEOCOMPOTX>
    <SEOCOMPOTX>
     <CLSNAME>ZCL_CDS_VIEW_BUILDER_TREE</CLSNAME>
     <CMPNAME>HANDLE_NODE_DOUBLE_CLICK</CMPNAME>
     <LANGU>E</LANGU>
     <DESCRIPT>Handle Node Double Click</DESCRIPT>
    </SEOCOMPOTX>
    <SEOCOMPOTX>
     <CLSNAME>ZCL_CDS_VIEW_BUILDER_TREE</CLSNAME>
     <CMPNAME>MR_CDS_MODEL</CMPNAME>
     <LANGU>E</LANGU>
     <DESCRIPT>CDS Entity Model</DESCRIPT>
    </SEOCOMPOTX>
    <SEOCOMPOTX>
     <CLSNAME>ZCL_CDS_VIEW_BUILDER_TREE</CLSNAME>
     <CMPNAME>MR_CDS_MODELLER</CMPNAME>
     <LANGU>E</LANGU>
     <DESCRIPT>CDS Modeller</DESCRIPT>
    </SEOCOMPOTX>
    <SEOCOMPOTX>
     <CLSNAME>ZCL_CDS_VIEW_BUILDER_TREE</CLSNAME>
     <CMPNAME>MR_CONTAINER</CMPNAME>
     <LANGU>E</LANGU>
     <DESCRIPT>Container for customer controls in the dynpro area</DESCRIPT>
    </SEOCOMPOTX>
    <SEOCOMPOTX>
     <CLSNAME>ZCL_CDS_VIEW_BUILDER_TREE</CLSNAME>
     <CMPNAME>MR_STRUCT_REF</CMPNAME>
     <LANGU>E</LANGU>
     <DESCRIPT>Runtime Type Services</DESCRIPT>
    </SEOCOMPOTX>
    <SEOCOMPOTX>
     <CLSNAME>ZCL_CDS_VIEW_BUILDER_TREE</CLSNAME>
     <CMPNAME>MR_TREE</CMPNAME>
     <LANGU>E</LANGU>
     <DESCRIPT>ALV Tree Control</DESCRIPT>
    </SEOCOMPOTX>
    <SEOCOMPOTX>
     <CLSNAME>ZCL_CDS_VIEW_BUILDER_TREE</CLSNAME>
     <CMPNAME>MR_VIEW_BUILDER</CMPNAME>
     <LANGU>E</LANGU>
     <DESCRIPT>CDS Modeller View Builder</DESCRIPT>
    </SEOCOMPOTX>
    <SEOCOMPOTX>
     <CLSNAME>ZCL_CDS_VIEW_BUILDER_TREE</CLSNAME>
     <CMPNAME>MR_VIEW_BUILDER_GRID</CMPNAME>
     <LANGU>E</LANGU>
     <DESCRIPT>CDS Modeller View Builder</DESCRIPT>
    </SEOCOMPOTX>
    <SEOCOMPOTX>
     <CLSNAME>ZCL_CDS_VIEW_BUILDER_TREE</CLSNAME>
     <CMPNAME>MT_EXPANDED_NODES</CMPNAME>
     <LANGU>E</LANGU>
     <DESCRIPT>Tree Control: Table with Node Keys</DESCRIPT>
    </SEOCOMPOTX>
    <SEOCOMPOTX>
     <CLSNAME>ZCL_CDS_VIEW_BUILDER_TREE</CLSNAME>
     <CMPNAME>MT_ITEMS</CMPNAME>
     <LANGU>E</LANGU>
     <DESCRIPT>Table Type for CDS View Tree Nodes</DESCRIPT>
    </SEOCOMPOTX>
    <SEOCOMPOTX>
     <CLSNAME>ZCL_CDS_VIEW_BUILDER_TREE</CLSNAME>
     <CMPNAME>MT_NODES</CMPNAME>
     <LANGU>E</LANGU>
     <DESCRIPT>Table Type for CDS View Tree Nodes</DESCRIPT>
    </SEOCOMPOTX>
    <SEOCOMPOTX>
     <CLSNAME>ZCL_CDS_VIEW_BUILDER_TREE</CLSNAME>
     <CMPNAME>MT_NODES_NODE_TYPES</CMPNAME>
     <LANGU>E</LANGU>
     <DESCRIPT>Table Type for CDS View Tree Nodes</DESCRIPT>
    </SEOCOMPOTX>
    <SEOCOMPOTX>
     <CLSNAME>ZCL_CDS_VIEW_BUILDER_TREE</CLSNAME>
     <CMPNAME>MT_NODE_DATAREF</CMPNAME>
     <LANGU>E</LANGU>
     <DESCRIPT>Node and Relevant Data Ref</DESCRIPT>
    </SEOCOMPOTX>
    <SEOCOMPOTX>
     <CLSNAME>ZCL_CDS_VIEW_BUILDER_TREE</CLSNAME>
     <CMPNAME>MV_CONT_NAME</CMPNAME>
     <LANGU>E</LANGU>
     <DESCRIPT>30 Characters</DESCRIPT>
    </SEOCOMPOTX>
    <SEOCOMPOTX>
     <CLSNAME>ZCL_CDS_VIEW_BUILDER_TREE</CLSNAME>
     <CMPNAME>MV_CURRENT_NODE</CMPNAME>
     <LANGU>E</LANGU>
     <DESCRIPT>Current Selected Node</DESCRIPT>
    </SEOCOMPOTX>
    <SEOCOMPOTX>
     <CLSNAME>ZCL_CDS_VIEW_BUILDER_TREE</CLSNAME>
     <CMPNAME>MV_NODE_INDEX</CMPNAME>
     <LANGU>E</LANGU>
     <DESCRIPT>ABAP System Field: Loop Index</DESCRIPT>
    </SEOCOMPOTX>
    <SEOCOMPOTX>
     <CLSNAME>ZCL_CDS_VIEW_BUILDER_TREE</CLSNAME>
     <CMPNAME>PUBLISH_IND_COMP</CMPNAME>
     <LANGU>E</LANGU>
     <DESCRIPT>Publish Individual Componnt as nodes</DESCRIPT>
    </SEOCOMPOTX>
    <SEOCOMPOTX>
     <CLSNAME>ZCL_CDS_VIEW_BUILDER_TREE</CLSNAME>
     <CMPNAME>PUBLISH_NODES_FROM_DATA</CMPNAME>
     <LANGU>E</LANGU>
     <DESCRIPT>Publish Entity Model data as nodes</DESCRIPT>
    </SEOCOMPOTX>
    <SEOCOMPOTX>
     <CLSNAME>ZCL_CDS_VIEW_BUILDER_TREE</CLSNAME>
     <CMPNAME>REBUILD_NODES_ITEMS</CMPNAME>
     <LANGU>E</LANGU>
     <DESCRIPT>Rebuild Nodes and Items</DESCRIPT>
    </SEOCOMPOTX>
    <SEOCOMPOTX>
     <CLSNAME>ZCL_CDS_VIEW_BUILDER_TREE</CLSNAME>
     <CMPNAME>REGISTER_EVENTS</CMPNAME>
     <LANGU>E</LANGU>
     <DESCRIPT>Register Events</DESCRIPT>
    </SEOCOMPOTX>
    <SEOCOMPOTX>
     <CLSNAME>ZCL_CDS_VIEW_BUILDER_TREE</CLSNAME>
     <CMPNAME>VALIDATE_MODEL</CMPNAME>
     <LANGU>E</LANGU>
     <DESCRIPT>Validate CDS Modeller data</DESCRIPT>
    </SEOCOMPOTX>
   </DESCRIPTIONS>
  </asx:values>
 </asx:abap>
</abapGit>
