﻿<?xml version="1.0" encoding="utf-8"?>
<abapGit version="v1.0.0" serializer="LCL_OBJECT_CLAS" serializer_version="v1.0.0">
 <asx:abap xmlns:asx="http://www.sap.com/abapxml" version="1.0">
  <asx:values>
   <VSEOCLASS>
    <CLSNAME>ZCL_CDS_ANNOT_BIBLE</CLSNAME>
    <VERSION>1</VERSION>
    <LANGU>E</LANGU>
    <DESCRIPT>CDS Annotation Modeller</DESCRIPT>
    <STATE>1</STATE>
    <CLSFINAL>X</CLSFINAL>
    <CLSCCINCL>X</CLSCCINCL>
    <FIXPT>X</FIXPT>
    <UNICODE>X</UNICODE>
   </VSEOCLASS>
   <DESCRIPTIONS>
    <SEOCOMPOTX>
     <CLSNAME>ZCL_CDS_ANNOT_BIBLE</CLSNAME>
     <CMPNAME>CONSTRUCTOR</CMPNAME>
     <LANGU>E</LANGU>
     <DESCRIPT>CONSTRUCTOR</DESCRIPT>
    </SEOCOMPOTX>
    <SEOCOMPOTX>
     <CLSNAME>ZCL_CDS_ANNOT_BIBLE</CLSNAME>
     <CMPNAME>GET_ANNOT_SCOPED</CMPNAME>
     <LANGU>E</LANGU>
     <DESCRIPT>Pass Scoped Annotations</DESCRIPT>
    </SEOCOMPOTX>
    <SEOCOMPOTX>
     <CLSNAME>ZCL_CDS_ANNOT_BIBLE</CLSNAME>
     <CMPNAME>GET_INSTANCE</CMPNAME>
     <LANGU>E</LANGU>
     <DESCRIPT>Create Instance</DESCRIPT>
    </SEOCOMPOTX>
    <SEOCOMPOTX>
     <CLSNAME>ZCL_CDS_ANNOT_BIBLE</CLSNAME>
     <CMPNAME>GET_SCOPED_ANNOTATIONS</CMPNAME>
     <LANGU>E</LANGU>
     <DESCRIPT>Get Scoped Annotations</DESCRIPT>
    </SEOCOMPOTX>
    <SEOCOMPOTX>
     <CLSNAME>ZCL_CDS_ANNOT_BIBLE</CLSNAME>
     <CMPNAME>LOAD_DCL_ANNOT</CMPNAME>
     <LANGU>E</LANGU>
     <DESCRIPT>Load DCL Annotations</DESCRIPT>
    </SEOCOMPOTX>
    <SEOCOMPOTX>
     <CLSNAME>ZCL_CDS_ANNOT_BIBLE</CLSNAME>
     <CMPNAME>LOAD_GENERIC_ANNOT</CMPNAME>
     <LANGU>E</LANGU>
     <DESCRIPT>Load Generic Annotations</DESCRIPT>
    </SEOCOMPOTX>
    <SEOCOMPOTX>
     <CLSNAME>ZCL_CDS_ANNOT_BIBLE</CLSNAME>
     <CMPNAME>MR_ANNOT_BIBLE</CMPNAME>
     <LANGU>E</LANGU>
     <DESCRIPT>CDS Annotation Modeller</DESCRIPT>
    </SEOCOMPOTX>
    <SEOCOMPOTX>
     <CLSNAME>ZCL_CDS_ANNOT_BIBLE</CLSNAME>
     <CMPNAME>MT_ANNOT_DEFS_SCOPED</CMPNAME>
     <LANGU>E</LANGU>
     <DESCRIPT>Single-Character Flag</DESCRIPT>
    </SEOCOMPOTX>
    <SEOCOMPOTX>
     <CLSNAME>ZCL_CDS_ANNOT_BIBLE</CLSNAME>
     <CMPNAME>MT_PARSED_LINEAR_DCL</CMPNAME>
     <LANGU>E</LANGU>
     <DESCRIPT>Single-Character Flag</DESCRIPT>
    </SEOCOMPOTX>
    <SEOCOMPOTX>
     <CLSNAME>ZCL_CDS_ANNOT_BIBLE</CLSNAME>
     <CMPNAME>MT_PARSED_LINEAR_DDL</CMPNAME>
     <LANGU>E</LANGU>
     <DESCRIPT>Single-Character Flag</DESCRIPT>
    </SEOCOMPOTX>
    <SEOCOMPOTX>
     <CLSNAME>ZCL_CDS_ANNOT_BIBLE</CLSNAME>
     <CMPNAME>PARSE_ANNOTATIONS</CMPNAME>
     <LANGU>E</LANGU>
     <DESCRIPT>Annotations Parser</DESCRIPT>
    </SEOCOMPOTX>
    <SEOCOMPOTX>
     <CLSNAME>ZCL_CDS_ANNOT_BIBLE</CLSNAME>
     <CMPNAME>PREPARE_SCOPE</CMPNAME>
     <LANGU>E</LANGU>
     <DESCRIPT>Evaluate and Prepare Scope</DESCRIPT>
    </SEOCOMPOTX>
   </DESCRIPTIONS>
  </asx:values>
 </asx:abap>
</abapGit>
