﻿<?xml version="1.0" encoding="utf-8"?>
<abapGit version="v1.0.0" serializer="LCL_OBJECT_CLAS" serializer_version="v1.0.0">
 <asx:abap xmlns:asx="http://www.sap.com/abapxml" version="1.0">
  <asx:values>
   <VSEOCLASS>
    <CLSNAME>ZCL_CDS_MODELLER</CLSNAME>
    <VERSION>1</VERSION>
    <LANGU>E</LANGU>
    <DESCRIPT>CDS Modeller</DESCRIPT>
    <EXPOSURE>2</EXPOSURE>
    <STATE>1</STATE>
    <CLSFINAL>X</CLSFINAL>
    <CLSCCINCL>X</CLSCCINCL>
    <FIXPT>X</FIXPT>
    <UNICODE>X</UNICODE>
   </VSEOCLASS>
   <DESCRIPTIONS>
    <SEOCOMPOTX>
     <CLSNAME>ZCL_CDS_MODELLER</CLSNAME>
     <CMPNAME>CHECK_ALIAS_EXISTS</CMPNAME>
     <LANGU>E</LANGU>
     <DESCRIPT>Check Alias Exists</DESCRIPT>
    </SEOCOMPOTX>
    <SEOCOMPOTX>
     <CLSNAME>ZCL_CDS_MODELLER</CLSNAME>
     <CMPNAME>CONSTRUCTOR</CMPNAME>
     <LANGU>E</LANGU>
     <DESCRIPT>CONSTRUCTOR</DESCRIPT>
    </SEOCOMPOTX>
    <SEOCOMPOTX>
     <CLSNAME>ZCL_CDS_MODELLER</CLSNAME>
     <CMPNAME>GET_COMP_TO_NODE_TYPE</CMPNAME>
     <LANGU>E</LANGU>
     <DESCRIPT>Get Component to Node Type Mapping</DESCRIPT>
    </SEOCOMPOTX>
    <SEOCOMPOTX>
     <CLSNAME>ZCL_CDS_MODELLER</CLSNAME>
     <CMPNAME>GET_DATA_SOURCE_AND_ELEMENTS</CMPNAME>
     <LANGU>E</LANGU>
     <DESCRIPT>Get Data Source and Add Elements</DESCRIPT>
    </SEOCOMPOTX>
    <SEOCOMPOTX>
     <CLSNAME>ZCL_CDS_MODELLER</CLSNAME>
     <CMPNAME>GET_DDL_METADATA</CMPNAME>
     <LANGU>E</LANGU>
     <DESCRIPT>Get DDL Metadata</DESCRIPT>
    </SEOCOMPOTX>
    <SEOCOMPOTX>
     <CLSNAME>ZCL_CDS_MODELLER</CLSNAME>
     <CMPNAME>GET_ELEMENTS</CMPNAME>
     <LANGU>E</LANGU>
     <DESCRIPT>Get Elements of the data source</DESCRIPT>
    </SEOCOMPOTX>
    <SEOCOMPOTX>
     <CLSNAME>ZCL_CDS_MODELLER</CLSNAME>
     <CMPNAME>GET_INSTANCE</CMPNAME>
     <LANGU>E</LANGU>
     <DESCRIPT>Instantiate CDS Modeller</DESCRIPT>
    </SEOCOMPOTX>
    <SEOCOMPOTX>
     <CLSNAME>ZCL_CDS_MODELLER</CLSNAME>
     <CMPNAME>GET_MODE</CMPNAME>
     <LANGU>E</LANGU>
     <DESCRIPT>Get Working Mode</DESCRIPT>
    </SEOCOMPOTX>
    <SEOCOMPOTX>
     <CLSNAME>ZCL_CDS_MODELLER</CLSNAME>
     <CMPNAME>GET_MODEL_DATA</CMPNAME>
     <LANGU>E</LANGU>
     <DESCRIPT>Get CDS Modelling Data</DESCRIPT>
    </SEOCOMPOTX>
    <SEOCOMPOTX>
     <CLSNAME>ZCL_CDS_MODELLER</CLSNAME>
     <CMPNAME>GET_MODEL_DATA_REF</CMPNAME>
     <LANGU>E</LANGU>
     <DESCRIPT>Get CDS Modelling Data</DESCRIPT>
    </SEOCOMPOTX>
    <SEOCOMPOTX>
     <CLSNAME>ZCL_CDS_MODELLER</CLSNAME>
     <CMPNAME>GET_STRUCTURE_NAME</CMPNAME>
     <LANGU>E</LANGU>
     <DESCRIPT>Get ALV Grid Table Structure Name</DESCRIPT>
    </SEOCOMPOTX>
    <SEOCOMPOTX>
     <CLSNAME>ZCL_CDS_MODELLER</CLSNAME>
     <CMPNAME>HANDLE_EVENTS</CMPNAME>
     <LANGU>E</LANGU>
     <DESCRIPT>Handle UI Events</DESCRIPT>
    </SEOCOMPOTX>
    <SEOCOMPOTX>
     <CLSNAME>ZCL_CDS_MODELLER</CLSNAME>
     <CMPNAME>HANDLE_INSERT_ASSOCIATIONS</CMPNAME>
     <LANGU>E</LANGU>
     <DESCRIPT>Handle Insert for Elements</DESCRIPT>
    </SEOCOMPOTX>
    <SEOCOMPOTX>
     <CLSNAME>ZCL_CDS_MODELLER</CLSNAME>
     <CMPNAME>HANDLE_INSERT_ELEMENTS</CMPNAME>
     <LANGU>E</LANGU>
     <DESCRIPT>Handle Insert for Elements</DESCRIPT>
    </SEOCOMPOTX>
    <SEOCOMPOTX>
     <CLSNAME>ZCL_CDS_MODELLER</CLSNAME>
     <CMPNAME>HANDLE_INSERT_JOINS</CMPNAME>
     <LANGU>E</LANGU>
     <DESCRIPT>Handle Insert for Elements</DESCRIPT>
    </SEOCOMPOTX>
    <SEOCOMPOTX>
     <CLSNAME>ZCL_CDS_MODELLER</CLSNAME>
     <CMPNAME>HANDLE_INSERT_REFCONSTRAINTS</CMPNAME>
     <LANGU>E</LANGU>
     <DESCRIPT>Handle Insert for Elements</DESCRIPT>
    </SEOCOMPOTX>
    <SEOCOMPOTX>
     <CLSNAME>ZCL_CDS_MODELLER</CLSNAME>
     <CMPNAME>HANDLE_INSERT_SELCONSTRAINTS</CMPNAME>
     <LANGU>E</LANGU>
     <DESCRIPT>Handle Insert for Elements</DESCRIPT>
    </SEOCOMPOTX>
    <SEOCOMPOTX>
     <CLSNAME>ZCL_CDS_MODELLER</CLSNAME>
     <CMPNAME>HANDLE_VB_CREATE</CMPNAME>
     <LANGU>E</LANGU>
     <DESCRIPT>Create CDS View</DESCRIPT>
    </SEOCOMPOTX>
    <SEOCOMPOTX>
     <CLSNAME>ZCL_CDS_MODELLER</CLSNAME>
     <CMPNAME>HANDLE_VB_GENERATE</CMPNAME>
     <LANGU>E</LANGU>
     <DESCRIPT>Handle Generate DDL Source</DESCRIPT>
    </SEOCOMPOTX>
    <SEOCOMPOTX>
     <CLSNAME>ZCL_CDS_MODELLER</CLSNAME>
     <CMPNAME>HANDLE_VB_NODE_INSERT</CMPNAME>
     <LANGU>E</LANGU>
     <DESCRIPT>Handle New Node Insert</DESCRIPT>
    </SEOCOMPOTX>
    <SEOCOMPOTX>
     <CLSNAME>ZCL_CDS_MODELLER</CLSNAME>
     <CMPNAME>HANDLE_VB_OPEN</CMPNAME>
     <LANGU>E</LANGU>
     <DESCRIPT>Handle Open Node Event</DESCRIPT>
    </SEOCOMPOTX>
    <SEOCOMPOTX>
     <CLSNAME>ZCL_CDS_MODELLER</CLSNAME>
     <CMPNAME>HANDLE_VB_SAVE</CMPNAME>
     <LANGU>E</LANGU>
     <DESCRIPT>Handle Save</DESCRIPT>
    </SEOCOMPOTX>
    <SEOCOMPOTX>
     <CLSNAME>ZCL_CDS_MODELLER</CLSNAME>
     <CMPNAME>INITIALIZE_ENTITY</CMPNAME>
     <LANGU>E</LANGU>
     <DESCRIPT>Update Entity Model</DESCRIPT>
    </SEOCOMPOTX>
    <SEOCOMPOTX>
     <CLSNAME>ZCL_CDS_MODELLER</CLSNAME>
     <CMPNAME>MC_ELEMENT_TYPE_FIELD</CMPNAME>
     <LANGU>E</LANGU>
     <DESCRIPT>CDS Element Type</DESCRIPT>
    </SEOCOMPOTX>
    <SEOCOMPOTX>
     <CLSNAME>ZCL_CDS_MODELLER</CLSNAME>
     <CMPNAME>MC_ELEMENT_TYPE_PATH</CMPNAME>
     <LANGU>E</LANGU>
     <DESCRIPT>CDS Element Type</DESCRIPT>
    </SEOCOMPOTX>
    <SEOCOMPOTX>
     <CLSNAME>ZCL_CDS_MODELLER</CLSNAME>
     <CMPNAME>MC_MODE_CHANGE</CMPNAME>
     <LANGU>E</LANGU>
     <DESCRIPT>Processing mode (1 = display, 2 = change, 3 = create...)</DESCRIPT>
    </SEOCOMPOTX>
    <SEOCOMPOTX>
     <CLSNAME>ZCL_CDS_MODELLER</CLSNAME>
     <CMPNAME>MC_MODE_DISPLAY</CMPNAME>
     <LANGU>E</LANGU>
     <DESCRIPT>Processing mode (1 = display, 2 = change, 3 = create...)</DESCRIPT>
    </SEOCOMPOTX>
    <SEOCOMPOTX>
     <CLSNAME>ZCL_CDS_MODELLER</CLSNAME>
     <CMPNAME>MC_NODE_TYPE_A</CMPNAME>
     <LANGU>E</LANGU>
     <DESCRIPT>Node Type Association</DESCRIPT>
    </SEOCOMPOTX>
    <SEOCOMPOTX>
     <CLSNAME>ZCL_CDS_MODELLER</CLSNAME>
     <CMPNAME>MC_NODE_TYPE_E</CMPNAME>
     <LANGU>E</LANGU>
     <DESCRIPT>Node Type Elements</DESCRIPT>
    </SEOCOMPOTX>
    <SEOCOMPOTX>
     <CLSNAME>ZCL_CDS_MODELLER</CLSNAME>
     <CMPNAME>MC_NODE_TYPE_J</CMPNAME>
     <LANGU>E</LANGU>
     <DESCRIPT>Node Type Join</DESCRIPT>
    </SEOCOMPOTX>
    <SEOCOMPOTX>
     <CLSNAME>ZCL_CDS_MODELLER</CLSNAME>
     <CMPNAME>MC_NODE_TYPE_P</CMPNAME>
     <LANGU>E</LANGU>
     <DESCRIPT>Node Type Parameters</DESCRIPT>
    </SEOCOMPOTX>
    <SEOCOMPOTX>
     <CLSNAME>ZCL_CDS_MODELLER</CLSNAME>
     <CMPNAME>MC_NODE_TYPE_R</CMPNAME>
     <LANGU>E</LANGU>
     <DESCRIPT>Node Type Referential Constraints</DESCRIPT>
    </SEOCOMPOTX>
    <SEOCOMPOTX>
     <CLSNAME>ZCL_CDS_MODELLER</CLSNAME>
     <CMPNAME>MC_NODE_TYPE_S</CMPNAME>
     <LANGU>E</LANGU>
     <DESCRIPT>Node Type Selection Constraints</DESCRIPT>
    </SEOCOMPOTX>
    <SEOCOMPOTX>
     <CLSNAME>ZCL_CDS_MODELLER</CLSNAME>
     <CMPNAME>MC_NODE_TYPE_V</CMPNAME>
     <LANGU>E</LANGU>
     <DESCRIPT>Node Type View</DESCRIPT>
    </SEOCOMPOTX>
    <SEOCOMPOTX>
     <CLSNAME>ZCL_CDS_MODELLER</CLSNAME>
     <CMPNAME>MC_SEL_SOURCE_DDL</CMPNAME>
     <LANGU>E</LANGU>
     <DESCRIPT>CDS Selection Source Type</DESCRIPT>
    </SEOCOMPOTX>
    <SEOCOMPOTX>
     <CLSNAME>ZCL_CDS_MODELLER</CLSNAME>
     <CMPNAME>MC_SEL_SOURCE_TABLE</CMPNAME>
     <LANGU>E</LANGU>
     <DESCRIPT>CDS Selection Source Type</DESCRIPT>
    </SEOCOMPOTX>
    <SEOCOMPOTX>
     <CLSNAME>ZCL_CDS_MODELLER</CLSNAME>
     <CMPNAME>MC_SEL_SOURCE_VIEW</CMPNAME>
     <LANGU>E</LANGU>
     <DESCRIPT>CDS Selection Source Type</DESCRIPT>
    </SEOCOMPOTX>
    <SEOCOMPOTX>
     <CLSNAME>ZCL_CDS_MODELLER</CLSNAME>
     <CMPNAME>MR_ANNOT_BIBLE</CMPNAME>
     <LANGU>E</LANGU>
     <DESCRIPT>CDS Annotation Modeller</DESCRIPT>
    </SEOCOMPOTX>
    <SEOCOMPOTX>
     <CLSNAME>ZCL_CDS_MODELLER</CLSNAME>
     <CMPNAME>MR_MODELLER</CMPNAME>
     <LANGU>E</LANGU>
     <DESCRIPT>CDS Modeller</DESCRIPT>
    </SEOCOMPOTX>
    <SEOCOMPOTX>
     <CLSNAME>ZCL_CDS_MODELLER</CLSNAME>
     <CMPNAME>MR_VIEW_BUILDER</CMPNAME>
     <LANGU>E</LANGU>
     <DESCRIPT>CDS Modeller View Builder</DESCRIPT>
    </SEOCOMPOTX>
    <SEOCOMPOTX>
     <CLSNAME>ZCL_CDS_MODELLER</CLSNAME>
     <CMPNAME>MS_DDL_DETAILS</CMPNAME>
     <LANGU>E</LANGU>
     <DESCRIPT>DD: DDL Source</DESCRIPT>
    </SEOCOMPOTX>
    <SEOCOMPOTX>
     <CLSNAME>ZCL_CDS_MODELLER</CLSNAME>
     <CMPNAME>MS_ENTITY_MODEL_NEW</CMPNAME>
     <LANGU>E</LANGU>
     <DESCRIPT>CDS Entity Model</DESCRIPT>
    </SEOCOMPOTX>
    <SEOCOMPOTX>
     <CLSNAME>ZCL_CDS_MODELLER</CLSNAME>
     <CMPNAME>MS_ENTITY_MODEL_OLD</CMPNAME>
     <LANGU>E</LANGU>
     <DESCRIPT>CDS Entity Model</DESCRIPT>
    </SEOCOMPOTX>
    <SEOCOMPOTX>
     <CLSNAME>ZCL_CDS_MODELLER</CLSNAME>
     <CMPNAME>MV_DDL_NAME</CMPNAME>
     <LANGU>E</LANGU>
     <DESCRIPT>DDL Source</DESCRIPT>
    </SEOCOMPOTX>
    <SEOCOMPOTX>
     <CLSNAME>ZCL_CDS_MODELLER</CLSNAME>
     <CMPNAME>MV_MODE</CMPNAME>
     <LANGU>E</LANGU>
     <DESCRIPT>Processing mode (1 = display, 2 = change, 3 = create...)</DESCRIPT>
    </SEOCOMPOTX>
    <SEOCOMPOTX>
     <CLSNAME>ZCL_CDS_MODELLER</CLSNAME>
     <CMPNAME>SET_MODE</CMPNAME>
     <LANGU>E</LANGU>
     <DESCRIPT>Set Working Mode</DESCRIPT>
    </SEOCOMPOTX>
    <SEOCOMPOTX>
     <CLSNAME>ZCL_CDS_MODELLER</CLSNAME>
     <CMPNAME>UPDATE_MODEL_FROM_SELECTION</CMPNAME>
     <LANGU>E</LANGU>
     <DESCRIPT>Update Model from Data Source Selection</DESCRIPT>
    </SEOCOMPOTX>
    <SEOCOMPOTX>
     <CLSNAME>ZCL_CDS_MODELLER</CLSNAME>
     <CMPNAME>VALIDATE_ASSOCIATIONS</CMPNAME>
     <LANGU>E</LANGU>
     <DESCRIPT>Validate Changed Data</DESCRIPT>
    </SEOCOMPOTX>
    <SEOCOMPOTX>
     <CLSNAME>ZCL_CDS_MODELLER</CLSNAME>
     <CMPNAME>VALIDATE_ELEMENTS</CMPNAME>
     <LANGU>E</LANGU>
     <DESCRIPT>Validate Changed Data</DESCRIPT>
    </SEOCOMPOTX>
    <SEOCOMPOTX>
     <CLSNAME>ZCL_CDS_MODELLER</CLSNAME>
     <CMPNAME>VALIDATE_ENTITY</CMPNAME>
     <LANGU>E</LANGU>
     <DESCRIPT>Validate Changed Data</DESCRIPT>
    </SEOCOMPOTX>
    <SEOCOMPOTX>
     <CLSNAME>ZCL_CDS_MODELLER</CLSNAME>
     <CMPNAME>VALIDATE_JOINS</CMPNAME>
     <LANGU>E</LANGU>
     <DESCRIPT>Validate Changed Data</DESCRIPT>
    </SEOCOMPOTX>
    <SEOCOMPOTX>
     <CLSNAME>ZCL_CDS_MODELLER</CLSNAME>
     <CMPNAME>VALIDATE_MODEL</CMPNAME>
     <LANGU>E</LANGU>
     <DESCRIPT>Validate Model</DESCRIPT>
    </SEOCOMPOTX>
    <SEOCOMPOTX>
     <CLSNAME>ZCL_CDS_MODELLER</CLSNAME>
     <CMPNAME>VALIDATE_PARAMETERS</CMPNAME>
     <LANGU>E</LANGU>
     <DESCRIPT>Validate Changed Data</DESCRIPT>
    </SEOCOMPOTX>
    <SEOCOMPOTX>
     <CLSNAME>ZCL_CDS_MODELLER</CLSNAME>
     <CMPNAME>VALIDATE_REF_CONSTRAINTS</CMPNAME>
     <LANGU>E</LANGU>
     <DESCRIPT>Validate Changed Data</DESCRIPT>
    </SEOCOMPOTX>
    <SEOCOMPOTX>
     <CLSNAME>ZCL_CDS_MODELLER</CLSNAME>
     <CMPNAME>VALIDATE_SEL_CONSTRAINTS</CMPNAME>
     <LANGU>E</LANGU>
     <DESCRIPT>Validate Changed Data</DESCRIPT>
    </SEOCOMPOTX>
   </DESCRIPTIONS>
  </asx:values>
 </asx:abap>
</abapGit>
