﻿<?xml version="1.0" encoding="utf-8"?>
<abapGit version="v1.0.0" serializer="LCL_OBJECT_FUGR" serializer_version="v1.0.0">
 <asx:abap xmlns:asx="http://www.sap.com/abapxml" version="1.0">
  <asx:values>
   <AREAT>CDS Modeller UI</AREAT>
   <INCLUDES>
    <SOBJ_NAME>LZFG_CDS_MODELLER_UIF01</SOBJ_NAME>
    <SOBJ_NAME>LZFG_CDS_MODELLER_UII01</SOBJ_NAME>
    <SOBJ_NAME>LZFG_CDS_MODELLER_UIO01</SOBJ_NAME>
    <SOBJ_NAME>LZFG_CDS_MODELLER_UIP01</SOBJ_NAME>
    <SOBJ_NAME>LZFG_CDS_MODELLER_UITOP</SOBJ_NAME>
    <SOBJ_NAME>SAPLZFG_CDS_MODELLER_UI</SOBJ_NAME>
   </INCLUDES>
   <FUNCTIONS>
    <item>
     <FUNCNAME>ZFM_GET_USER_INPUT</FUNCNAME>
     <SHORT_TEXT>Get  User Input</SHORT_TEXT>
     <IMPORT>
      <RSIMP>
       <PARAMETER>IV_CALL_TYPE</PARAMETER>
       <REFERENCE>X</REFERENCE>
       <TYP>SY-UCOMM</TYP>
      </RSIMP>
      <RSIMP>
       <PARAMETER>IV_REQ_NODE_TYPE</PARAMETER>
       <OPTIONAL>X</OPTIONAL>
       <REFERENCE>X</REFERENCE>
       <TYP>Z_DE_NODE_TYPE</TYP>
      </RSIMP>
     </IMPORT>
     <CHANGING>
      <RSCHA>
       <PARAMETER>CS_DATA_SOURCE</PARAMETER>
       <OPTIONAL>X</OPTIONAL>
       <REFERENCE>X</REFERENCE>
       <TYP>ZCDS_DATA_SOURCE_CAPTURE</TYP>
      </RSCHA>
     </CHANGING>
     <EXPORT>
      <RSEXP>
       <PARAMETER>ES_DDL_DETAILS</PARAMETER>
       <REFERENCE>X</REFERENCE>
       <TYP>DDDDLSRC</TYP>
      </RSEXP>
      <RSEXP>
       <PARAMETER>EV_CANCELLED</PARAMETER>
       <REFERENCE>X</REFERENCE>
       <TYP>ABAP_BOOL</TYP>
      </RSEXP>
     </EXPORT>
     <DOCUMENTATION>
      <RSFDO>
       <PARAMETER>IV_CALL_TYPE</PARAMETER>
       <KIND>P</KIND>
       <STEXT>ABAP system field: Function code that raised PAI</STEXT>
       <INDEX> 001</INDEX>
      </RSFDO>
      <RSFDO>
       <PARAMETER>IV_REQ_NODE_TYPE</PARAMETER>
       <KIND>P</KIND>
       <STEXT>CDS View Node Type</STEXT>
       <INDEX> 002</INDEX>
      </RSFDO>
      <RSFDO>
       <PARAMETER>ES_DDL_DETAILS</PARAMETER>
       <KIND>P</KIND>
       <STEXT>DDL Sources</STEXT>
       <INDEX> 003</INDEX>
      </RSFDO>
      <RSFDO>
       <PARAMETER>EV_CANCELLED</PARAMETER>
       <KIND>P</KIND>
       <STEXT>Operation cancelled flag</STEXT>
       <INDEX> 004</INDEX>
      </RSFDO>
      <RSFDO>
       <PARAMETER>CS_DATA_SOURCE</PARAMETER>
       <KIND>P</KIND>
       <STEXT>Structure for CDS Data Source Capture</STEXT>
       <INDEX> 005</INDEX>
      </RSFDO>
     </DOCUMENTATION>
    </item>
   </FUNCTIONS>
   <DYNPROS>
    <item>
     <HEADER>
      <PROGRAM>SAPLZFG_CDS_MODELLER_UI</PROGRAM>
      <SCREEN>9000</SCREEN>
      <LANGUAGE>E</LANGUAGE>
      <DESCRIPT>CDS Modeller Cockpit</DESCRIPT>
      <TYPE>N</TYPE>
      <NEXTSCREEN>9000</NEXTSCREEN>
      <LINES>042</LINES>
      <COLUMNS>255</COLUMNS>
      <NO_TOOLBAR>X</NO_TOOLBAR>
     </HEADER>
     <CONTAINERS>
      <RPY_DYCATT>
       <TYPE>SCREEN</TYPE>
       <NAME>SCREEN</NAME>
      </RPY_DYCATT>
      <RPY_DYCATT>
       <TYPE>CUST_CTRL</TYPE>
       <NAME>CONT_VB_DETAILS</NAME>
       <ELEMENT_OF>SCREEN</ELEMENT_OF>
       <LINE>002</LINE>
       <COLUMN>067</COLUMN>
       <LENGTH>188</LENGTH>
       <HEIGHT>011</HEIGHT>
       <C_RESIZE_V>X</C_RESIZE_V>
       <C_RESIZE_H>X</C_RESIZE_H>
       <C_LINE_MIN>002</C_LINE_MIN>
       <C_COLN_MIN>030</C_COLN_MIN>
      </RPY_DYCATT>
      <RPY_DYCATT>
       <TYPE>CUST_CTRL</TYPE>
       <NAME>CONT_VB</NAME>
       <ELEMENT_OF>SCREEN</ELEMENT_OF>
       <LINE>003</LINE>
       <COLUMN>002</COLUMN>
       <LENGTH>061</LENGTH>
       <HEIGHT>039</HEIGHT>
       <C_RESIZE_V>X</C_RESIZE_V>
       <C_RESIZE_H>X</C_RESIZE_H>
       <C_LINE_MIN>009</C_LINE_MIN>
       <C_COLN_MIN>030</C_COLN_MIN>
      </RPY_DYCATT>
      <RPY_DYCATT>
       <TYPE>CUST_CTRL</TYPE>
       <NAME>CONT_ANNOT</NAME>
       <ELEMENT_OF>SCREEN</ELEMENT_OF>
       <LINE>015</LINE>
       <COLUMN>067</COLUMN>
       <LENGTH>063</LENGTH>
       <HEIGHT>027</HEIGHT>
       <C_RESIZE_V>X</C_RESIZE_V>
       <C_RESIZE_H>X</C_RESIZE_H>
       <C_LINE_MIN>012</C_LINE_MIN>
       <C_COLN_MIN>044</C_COLN_MIN>
      </RPY_DYCATT>
      <RPY_DYCATT>
       <TYPE>CUST_CTRL</TYPE>
       <NAME>CONT_ANNOT_ATTR</NAME>
       <ELEMENT_OF>SCREEN</ELEMENT_OF>
       <LINE>015</LINE>
       <COLUMN>132</COLUMN>
       <LENGTH>108</LENGTH>
       <HEIGHT>027</HEIGHT>
       <C_RESIZE_V>X</C_RESIZE_V>
       <C_RESIZE_H>X</C_RESIZE_H>
       <C_LINE_MIN>012</C_LINE_MIN>
       <C_COLN_MIN>049</C_COLN_MIN>
      </RPY_DYCATT>
     </CONTAINERS>
     <FIELDS>
      <RPY_DYFATC>
       <CONT_TYPE>SCREEN</CONT_TYPE>
       <CONT_NAME>SCREEN</CONT_NAME>
       <TYPE>FRAME</TYPE>
       <NAME>BOX1</NAME>
       <TEXT>CDS_Views______________________________________________________</TEXT>
       <LINE>001</LINE>
       <COLUMN>001</COLUMN>
       <LENGTH>064</LENGTH>
       <VISLENGTH>064</VISLENGTH>
       <HEIGHT>042</HEIGHT>
       <FORMAT>CHAR</FORMAT>
       <REQU_ENTRY>N</REQU_ENTRY>
      </RPY_DYFATC>
      <RPY_DYFATC>
       <CONT_TYPE>SCREEN</CONT_TYPE>
       <CONT_NAME>SCREEN</CONT_NAME>
       <TYPE>FRAME</TYPE>
       <NAME>BOX_VB_DETAILS</NAME>
       <TEXT>CDS_View_Details____________________________________________________________________________________________________________________</TEXT>
       <LINE>001</LINE>
       <COLUMN>066</COLUMN>
       <LENGTH>190</LENGTH>
       <VISLENGTH>190</VISLENGTH>
       <HEIGHT>013</HEIGHT>
       <FORMAT>CHAR</FORMAT>
       <REQU_ENTRY>N</REQU_ENTRY>
      </RPY_DYFATC>
      <RPY_DYFATC>
       <CONT_TYPE>SCREEN</CONT_TYPE>
       <CONT_NAME>SCREEN</CONT_NAME>
       <TYPE>PUSH</TYPE>
       <NAME>CREATE</NAME>
       <ICON_NAME>ICON_CREATE</ICON_NAME>
       <ICON_QINFO>Create_CDS_View</ICON_QINFO>
       <ICON_QSPEC>X</ICON_QSPEC>
       <WITH_ICON>X</WITH_ICON>
       <LINE>002</LINE>
       <COLUMN>002</COLUMN>
       <LENGTH>021</LENGTH>
       <VISLENGTH>003</VISLENGTH>
       <HEIGHT>001</HEIGHT>
       <PUSH_FCODE>CREATE</PUSH_FCODE>
       <FORMAT>CHAR</FORMAT>
       <REQU_ENTRY>N</REQU_ENTRY>
      </RPY_DYFATC>
      <RPY_DYFATC>
       <CONT_TYPE>SCREEN</CONT_TYPE>
       <CONT_NAME>SCREEN</CONT_NAME>
       <TYPE>PUSH</TYPE>
       <NAME>OPEN</NAME>
       <TEXT>_</TEXT>
       <ICON_NAME>ICON_OPEN</ICON_NAME>
       <ICON_QINFO>Open_CDS_View</ICON_QINFO>
       <ICON_QSPEC>X</ICON_QSPEC>
       <WITH_ICON>X</WITH_ICON>
       <LINE>002</LINE>
       <COLUMN>006</COLUMN>
       <LENGTH>021</LENGTH>
       <VISLENGTH>003</VISLENGTH>
       <HEIGHT>001</HEIGHT>
       <PUSH_FCODE>OPEN</PUSH_FCODE>
       <FORMAT>CHAR</FORMAT>
       <REQU_ENTRY>N</REQU_ENTRY>
      </RPY_DYFATC>
      <RPY_DYFATC>
       <CONT_TYPE>SCREEN</CONT_TYPE>
       <CONT_NAME>SCREEN</CONT_NAME>
       <TYPE>PUSH</TYPE>
       <NAME>CHANGE</NAME>
       <ICON_NAME>ICON_CHANGE</ICON_NAME>
       <ICON_QINFO>Change_CDS_View</ICON_QINFO>
       <ICON_QSPEC>X</ICON_QSPEC>
       <WITH_ICON>X</WITH_ICON>
       <LINE>002</LINE>
       <COLUMN>010</COLUMN>
       <LENGTH>021</LENGTH>
       <VISLENGTH>003</VISLENGTH>
       <HEIGHT>001</HEIGHT>
       <PUSH_FCODE>CHANGE</PUSH_FCODE>
       <FORMAT>CHAR</FORMAT>
       <REQU_ENTRY>N</REQU_ENTRY>
      </RPY_DYFATC>
      <RPY_DYFATC>
       <CONT_TYPE>SCREEN</CONT_TYPE>
       <CONT_NAME>SCREEN</CONT_NAME>
       <TYPE>PUSH</TYPE>
       <NAME>INSERT</NAME>
       <TEXT>_</TEXT>
       <ICON_NAME>ICON_INSERT_ROW</ICON_NAME>
       <ICON_QINFO>Insert_Node_Artifacts</ICON_QINFO>
       <ICON_QSPEC>X</ICON_QSPEC>
       <WITH_ICON>X</WITH_ICON>
       <LINE>002</LINE>
       <COLUMN>014</COLUMN>
       <LENGTH>029</LENGTH>
       <VISLENGTH>003</VISLENGTH>
       <HEIGHT>001</HEIGHT>
       <PUSH_FCODE>INSERT</PUSH_FCODE>
       <FORMAT>CHAR</FORMAT>
       <REQU_ENTRY>N</REQU_ENTRY>
      </RPY_DYFATC>
      <RPY_DYFATC>
       <CONT_TYPE>SCREEN</CONT_TYPE>
       <CONT_NAME>SCREEN</CONT_NAME>
       <TYPE>PUSH</TYPE>
       <NAME>DELETE</NAME>
       <TEXT>__</TEXT>
       <ICON_NAME>ICON_DELETE</ICON_NAME>
       <ICON_QINFO>Delete_Node_Artifacts</ICON_QINFO>
       <ICON_QSPEC>X</ICON_QSPEC>
       <WITH_ICON>X</WITH_ICON>
       <LINE>002</LINE>
       <COLUMN>018</COLUMN>
       <LENGTH>030</LENGTH>
       <VISLENGTH>003</VISLENGTH>
       <HEIGHT>001</HEIGHT>
       <PUSH_FCODE>DELETE</PUSH_FCODE>
       <FORMAT>CHAR</FORMAT>
       <REQU_ENTRY>N</REQU_ENTRY>
      </RPY_DYFATC>
      <RPY_DYFATC>
       <CONT_TYPE>SCREEN</CONT_TYPE>
       <CONT_NAME>SCREEN</CONT_NAME>
       <TYPE>PUSH</TYPE>
       <NAME>SAVE</NAME>
       <ICON_NAME>ICON_SYSTEM_SAVE</ICON_NAME>
       <WITH_ICON>X</WITH_ICON>
       <LINE>002</LINE>
       <COLUMN>022</COLUMN>
       <LENGTH>004</LENGTH>
       <VISLENGTH>003</VISLENGTH>
       <HEIGHT>001</HEIGHT>
       <PUSH_FCODE>SAVE</PUSH_FCODE>
       <FORMAT>CHAR</FORMAT>
       <REQU_ENTRY>N</REQU_ENTRY>
      </RPY_DYFATC>
      <RPY_DYFATC>
       <CONT_TYPE>SCREEN</CONT_TYPE>
       <CONT_NAME>SCREEN</CONT_NAME>
       <TYPE>PUSH</TYPE>
       <NAME>GENERATE</NAME>
       <ICON_NAME>ICON_GENERATE</ICON_NAME>
       <ICON_QINFO>Generate_CDS_Data_Definitions</ICON_QINFO>
       <ICON_QSPEC>X</ICON_QSPEC>
       <WITH_ICON>X</WITH_ICON>
       <LINE>002</LINE>
       <COLUMN>026</COLUMN>
       <LENGTH>035</LENGTH>
       <VISLENGTH>003</VISLENGTH>
       <HEIGHT>001</HEIGHT>
       <PUSH_FCODE>GENERATE</PUSH_FCODE>
       <FORMAT>CHAR</FORMAT>
       <REQU_ENTRY>N</REQU_ENTRY>
      </RPY_DYFATC>
      <RPY_DYFATC>
       <CONT_TYPE>SCREEN</CONT_TYPE>
       <CONT_NAME>SCREEN</CONT_NAME>
       <TYPE>PUSH</TYPE>
       <NAME>CHNG_LOG</NAME>
       <ICON_NAME>ICON_PROTOCOL</ICON_NAME>
       <ICON_QINFO>Display_Change_Log</ICON_QINFO>
       <ICON_QSPEC>X</ICON_QSPEC>
       <WITH_ICON>X</WITH_ICON>
       <LINE>002</LINE>
       <COLUMN>030</COLUMN>
       <LENGTH>024</LENGTH>
       <VISLENGTH>003</VISLENGTH>
       <HEIGHT>001</HEIGHT>
       <PUSH_FCODE>CHNG_LOG</PUSH_FCODE>
       <FORMAT>CHAR</FORMAT>
       <REQU_ENTRY>N</REQU_ENTRY>
      </RPY_DYFATC>
      <RPY_DYFATC>
       <CONT_TYPE>SCREEN</CONT_TYPE>
       <CONT_NAME>SCREEN</CONT_NAME>
       <TYPE>PUSH</TYPE>
       <NAME>IMPORT</NAME>
       <ICON_NAME>ICON_IMPORT</ICON_NAME>
       <ICON_QINFO>Import_ADT_CDS</ICON_QINFO>
       <ICON_QSPEC>X</ICON_QSPEC>
       <WITH_ICON>X</WITH_ICON>
       <LINE>002</LINE>
       <COLUMN>060</COLUMN>
       <LENGTH>020</LENGTH>
       <VISLENGTH>003</VISLENGTH>
       <HEIGHT>001</HEIGHT>
       <PUSH_FCODE>IMPORT</PUSH_FCODE>
       <FORMAT>CHAR</FORMAT>
       <REQU_ENTRY>N</REQU_ENTRY>
      </RPY_DYFATC>
      <RPY_DYFATC>
       <CONT_TYPE>SCREEN</CONT_TYPE>
       <CONT_NAME>SCREEN</CONT_NAME>
       <TYPE>FRAME</TYPE>
       <NAME>BOX3</NAME>
       <TEXT>CDS_Annotations_Details_____________________________________________________________________________________________________________</TEXT>
       <LINE>014</LINE>
       <COLUMN>066</COLUMN>
       <LENGTH>190</LENGTH>
       <VISLENGTH>190</VISLENGTH>
       <HEIGHT>029</HEIGHT>
       <FORMAT>CHAR</FORMAT>
       <REQU_ENTRY>N</REQU_ENTRY>
      </RPY_DYFATC>
      <RPY_DYFATC>
       <CONT_TYPE>SCREEN</CONT_TYPE>
       <CONT_NAME>SCREEN</CONT_NAME>
       <TYPE>OKCODE</TYPE>
       <NAME>OK_CODE</NAME>
       <TEXT>____________________</TEXT>
       <LENGTH>020</LENGTH>
       <VISLENGTH>020</VISLENGTH>
       <HEIGHT>001</HEIGHT>
       <FORMAT>CHAR</FORMAT>
       <INPUT_FLD>X</INPUT_FLD>
      </RPY_DYFATC>
     </FIELDS>
     <FLOW_LOGIC>
      <RPY_DYFLOW>
       <LINE>PROCESS BEFORE OUTPUT.</LINE>
      </RPY_DYFLOW>
      <RPY_DYFLOW/>
      <RPY_DYFLOW>
       <LINE>MODULE status_9000.</LINE>
      </RPY_DYFLOW>
      <RPY_DYFLOW/>
      <RPY_DYFLOW>
       <LINE>* Instantiate View Building Components</LINE>
      </RPY_DYFLOW>
      <RPY_DYFLOW>
       <LINE>MODULE instantiate_view_builder.</LINE>
      </RPY_DYFLOW>
      <RPY_DYFLOW/>
      <RPY_DYFLOW/>
      <RPY_DYFLOW>
       <LINE>PROCESS AFTER INPUT.</LINE>
      </RPY_DYFLOW>
      <RPY_DYFLOW>
       <LINE>* Handle Exit Command</LINE>
      </RPY_DYFLOW>
      <RPY_DYFLOW>
       <LINE>MODULE exit_command AT EXIT-COMMAND.</LINE>
      </RPY_DYFLOW>
      <RPY_DYFLOW/>
      <RPY_DYFLOW>
       <LINE>* Handle Screen Events</LINE>
      </RPY_DYFLOW>
      <RPY_DYFLOW>
       <LINE>MODULE user_command_9000.</LINE>
      </RPY_DYFLOW>
     </FLOW_LOGIC>
     <SPACES>
      <item>0</item>
      <item>0</item>
      <item>2</item>
      <item>0</item>
      <item>0</item>
      <item>2</item>
      <item>0</item>
      <item>0</item>
      <item>0</item>
      <item>0</item>
      <item>2</item>
      <item>0</item>
      <item>0</item>
      <item>2</item>
     </SPACES>
    </item>
    <item>
     <HEADER>
      <PROGRAM>SAPLZFG_CDS_MODELLER_UI</PROGRAM>
      <SCREEN>9001</SCREEN>
      <LANGUAGE>E</LANGUAGE>
      <DESCRIPT>Get View Details</DESCRIPT>
      <TYPE>M</TYPE>
      <NEXTSCREEN>9001</NEXTSCREEN>
      <LINES>005</LINES>
      <COLUMNS>068</COLUMNS>
     </HEADER>
     <CONTAINERS>
      <RPY_DYCATT>
       <TYPE>SCREEN</TYPE>
       <NAME>SCREEN</NAME>
      </RPY_DYCATT>
     </CONTAINERS>
     <FIELDS>
      <RPY_DYFATC>
       <CONT_TYPE>SCREEN</CONT_TYPE>
       <CONT_NAME>SCREEN</CONT_NAME>
       <TYPE>FRAME</TYPE>
       <NAME>BOX1</NAME>
       <TEXT>User_Inputs________________________________________________________</TEXT>
       <LINE>001</LINE>
       <COLUMN>001</COLUMN>
       <LENGTH>068</LENGTH>
       <VISLENGTH>068</VISLENGTH>
       <HEIGHT>005</HEIGHT>
       <FORMAT>CHAR</FORMAT>
       <REQU_ENTRY>N</REQU_ENTRY>
      </RPY_DYFATC>
      <RPY_DYFATC>
       <CONT_TYPE>SCREEN</CONT_TYPE>
       <CONT_NAME>SCREEN</CONT_NAME>
       <TYPE>TEXT</TYPE>
       <NAME>GS_DDDDLSOURCE-DDLNAME</NAME>
       <TEXT>Name_DDL_Source</TEXT>
       <LINE>002</LINE>
       <COLUMN>004</COLUMN>
       <LENGTH>015</LENGTH>
       <VISLENGTH>015</VISLENGTH>
       <HEIGHT>001</HEIGHT>
       <FORMAT>CHAR</FORMAT>
       <REQU_ENTRY>N</REQU_ENTRY>
       <LABELLEFT>X</LABELLEFT>
      </RPY_DYFATC>
      <RPY_DYFATC>
       <CONT_TYPE>SCREEN</CONT_TYPE>
       <CONT_NAME>SCREEN</CONT_NAME>
       <TYPE>TEMPLATE</TYPE>
       <NAME>GS_DDDDLSOURCE-DDLNAME</NAME>
       <TEXT>________________________________________</TEXT>
       <LINE>002</LINE>
       <COLUMN>021</COLUMN>
       <LENGTH>040</LENGTH>
       <VISLENGTH>040</VISLENGTH>
       <HEIGHT>001</HEIGHT>
       <FORMAT>CHAR</FORMAT>
       <INPUT_FLD>X</INPUT_FLD>
       <OUTPUT_FLD>X</OUTPUT_FLD>
       <REQU_ENTRY>O</REQU_ENTRY>
      </RPY_DYFATC>
      <RPY_DYFATC>
       <CONT_TYPE>SCREEN</CONT_TYPE>
       <CONT_NAME>SCREEN</CONT_NAME>
       <TYPE>TEXT</TYPE>
       <NAME>TEXT001</NAME>
       <TEXT>DDL_Type</TEXT>
       <LINE>003</LINE>
       <COLUMN>004</COLUMN>
       <LENGTH>008</LENGTH>
       <VISLENGTH>008</VISLENGTH>
       <HEIGHT>001</HEIGHT>
       <GROUP1>INS</GROUP1>
       <FORMAT>CHAR</FORMAT>
       <REQU_ENTRY>N</REQU_ENTRY>
       <LABELLEFT>X</LABELLEFT>
      </RPY_DYFATC>
      <RPY_DYFATC>
       <CONT_TYPE>SCREEN</CONT_TYPE>
       <CONT_NAME>SCREEN</CONT_NAME>
       <TYPE>TEMPLATE</TYPE>
       <NAME>GS_DDDDLSOURCE-SOURCE_TYPE</NAME>
       <TEXT>_</TEXT>
       <LINE>003</LINE>
       <COLUMN>021</COLUMN>
       <LENGTH>001</LENGTH>
       <VISLENGTH>001</VISLENGTH>
       <HEIGHT>001</HEIGHT>
       <GROUP1>INS</GROUP1>
       <FORMAT>CHAR</FORMAT>
       <INPUT_FLD>X</INPUT_FLD>
       <OUTPUT_FLD>X</OUTPUT_FLD>
       <REQU_ENTRY>O</REQU_ENTRY>
      </RPY_DYFATC>
      <RPY_DYFATC>
       <CONT_TYPE>SCREEN</CONT_TYPE>
       <CONT_NAME>SCREEN</CONT_NAME>
       <TYPE>TEXT</TYPE>
       <NAME>GS_DDDDLSOURCE-PARENTNAME</NAME>
       <TEXT>Parent_DDL_Srce_</TEXT>
       <LINE>004</LINE>
       <COLUMN>004</COLUMN>
       <LENGTH>016</LENGTH>
       <VISLENGTH>016</VISLENGTH>
       <HEIGHT>001</HEIGHT>
       <GROUP1>EXT</GROUP1>
       <FORMAT>CHAR</FORMAT>
       <REQU_ENTRY>N</REQU_ENTRY>
       <LABELLEFT>X</LABELLEFT>
      </RPY_DYFATC>
      <RPY_DYFATC>
       <CONT_TYPE>SCREEN</CONT_TYPE>
       <CONT_NAME>SCREEN</CONT_NAME>
       <TYPE>TEMPLATE</TYPE>
       <NAME>GS_DDDDLSOURCE-PARENTNAME</NAME>
       <TEXT>________________________________________</TEXT>
       <LINE>004</LINE>
       <COLUMN>021</COLUMN>
       <LENGTH>040</LENGTH>
       <VISLENGTH>040</VISLENGTH>
       <HEIGHT>001</HEIGHT>
       <GROUP1>EXT</GROUP1>
       <FORMAT>CHAR</FORMAT>
       <INPUT_FLD>X</INPUT_FLD>
       <OUTPUT_FLD>X</OUTPUT_FLD>
      </RPY_DYFATC>
      <RPY_DYFATC>
       <CONT_TYPE>SCREEN</CONT_TYPE>
       <CONT_NAME>SCREEN</CONT_NAME>
       <TYPE>OKCODE</TYPE>
       <TEXT>____________________</TEXT>
       <LENGTH>020</LENGTH>
       <VISLENGTH>020</VISLENGTH>
       <HEIGHT>001</HEIGHT>
       <FORMAT>CHAR</FORMAT>
       <INPUT_FLD>X</INPUT_FLD>
      </RPY_DYFATC>
     </FIELDS>
     <FLOW_LOGIC>
      <RPY_DYFLOW>
       <LINE>PROCESS BEFORE OUTPUT.</LINE>
      </RPY_DYFLOW>
      <RPY_DYFLOW/>
      <RPY_DYFLOW>
       <LINE>MODULE status_9001.</LINE>
      </RPY_DYFLOW>
      <RPY_DYFLOW/>
      <RPY_DYFLOW>
       <LINE>* Modify Screen Elements</LINE>
      </RPY_DYFLOW>
      <RPY_DYFLOW>
       <LINE>MODULE output_9001.</LINE>
      </RPY_DYFLOW>
      <RPY_DYFLOW/>
      <RPY_DYFLOW>
       <LINE>PROCESS AFTER INPUT.</LINE>
      </RPY_DYFLOW>
      <RPY_DYFLOW>
       <LINE>MODULE exit_command AT EXIT-COMMAND.</LINE>
      </RPY_DYFLOW>
      <RPY_DYFLOW/>
      <RPY_DYFLOW>
       <LINE>FIELD gs_ddddlsource-ddlname MODULE check_ddl_name.</LINE>
      </RPY_DYFLOW>
      <RPY_DYFLOW>
       <LINE>MODULE user_command_9001.</LINE>
      </RPY_DYFLOW>
     </FLOW_LOGIC>
     <SPACES>
      <item>0</item>
      <item>0</item>
      <item>2</item>
      <item>0</item>
      <item>0</item>
      <item>2</item>
      <item>0</item>
      <item>0</item>
      <item>2</item>
      <item>0</item>
      <item>2</item>
      <item>2</item>
     </SPACES>
    </item>
    <item>
     <HEADER>
      <PROGRAM>SAPLZFG_CDS_MODELLER_UI</PROGRAM>
      <SCREEN>9002</SCREEN>
      <LANGUAGE>E</LANGUAGE>
      <DESCRIPT>Screen to capture Data Source</DESCRIPT>
      <TYPE>M</TYPE>
      <NEXTSCREEN>9002</NEXTSCREEN>
      <LINES>027</LINES>
      <COLUMNS>177</COLUMNS>
     </HEADER>
     <CONTAINERS>
      <RPY_DYCATT>
       <TYPE>SCREEN</TYPE>
       <NAME>SCREEN</NAME>
      </RPY_DYCATT>
      <RPY_DYCATT>
       <TYPE>RADIOGROUP</TYPE>
       <NAME>%A_GS_SOURCE_TYPE-TABLE</NAME>
       <ELEMENT_OF>SCREEN</ELEMENT_OF>
       <LINE>002</LINE>
       <COLUMN>003</COLUMN>
       <LENGTH>001</LENGTH>
       <HEIGHT>003</HEIGHT>
      </RPY_DYCATT>
      <RPY_DYCATT>
       <TYPE>SUBSCREEN</TYPE>
       <NAME>DETAIL</NAME>
       <ELEMENT_OF>SCREEN</ELEMENT_OF>
       <LINE>007</LINE>
       <COLUMN>001</COLUMN>
       <LENGTH>177</LENGTH>
       <HEIGHT>021</HEIGHT>
       <C_RESIZE_V>X</C_RESIZE_V>
       <C_RESIZE_H>X</C_RESIZE_H>
       <C_LINE_MIN>001</C_LINE_MIN>
       <C_COLN_MIN>001</C_COLN_MIN>
      </RPY_DYCATT>
     </CONTAINERS>
     <FIELDS>
      <RPY_DYFATC>
       <CONT_TYPE>SCREEN</CONT_TYPE>
       <CONT_NAME>SCREEN</CONT_NAME>
       <TYPE>FRAME</TYPE>
       <NAME>BOX1</NAME>
       <TEXT>Provide_Data_Source_________________________________________________</TEXT>
       <LINE>001</LINE>
       <COLUMN>001</COLUMN>
       <LENGTH>069</LENGTH>
       <VISLENGTH>069</VISLENGTH>
       <HEIGHT>006</HEIGHT>
       <FORMAT>CHAR</FORMAT>
       <REQU_ENTRY>N</REQU_ENTRY>
      </RPY_DYFATC>
      <RPY_DYFATC>
       <CONT_TYPE>SCREEN</CONT_TYPE>
       <CONT_NAME>SCREEN</CONT_NAME>
       <TYPE>TEXT</TYPE>
       <NAME>GS_DATA_SOURCE-TBMA_VAL</NAME>
       <TEXT>Table_Name________</TEXT>
       <LINE>002</LINE>
       <COLUMN>006</COLUMN>
       <LENGTH>018</LENGTH>
       <VISLENGTH>018</VISLENGTH>
       <HEIGHT>001</HEIGHT>
       <FORMAT>CHAR</FORMAT>
       <REQU_ENTRY>N</REQU_ENTRY>
       <LABELLEFT>X</LABELLEFT>
      </RPY_DYFATC>
      <RPY_DYFATC>
       <CONT_TYPE>SCREEN</CONT_TYPE>
       <CONT_NAME>SCREEN</CONT_NAME>
       <TYPE>TEMPLATE</TYPE>
       <NAME>GS_DATA_SOURCE-TBMA_VAL</NAME>
       <TEXT>________________</TEXT>
       <LINE>002</LINE>
       <COLUMN>027</COLUMN>
       <LENGTH>016</LENGTH>
       <VISLENGTH>016</VISLENGTH>
       <HEIGHT>001</HEIGHT>
       <GROUP1>TAB</GROUP1>
       <FORMAT>CHAR</FORMAT>
       <PARAM_ID>DTB</PARAM_ID>
       <INPUT_FLD>X</INPUT_FLD>
       <OUTPUT_FLD>X</OUTPUT_FLD>
       <MATCHCODE>DD_DBTB_16</MATCHCODE>
      </RPY_DYFATC>
      <RPY_DYFATC>
       <CONT_TYPE>SCREEN</CONT_TYPE>
       <CONT_NAME>SCREEN</CONT_NAME>
       <TYPE>TEXT</TYPE>
       <NAME>GS_DATA_SOURCE-VIMA_VAL</NAME>
       <TEXT>View_name______</TEXT>
       <LINE>003</LINE>
       <COLUMN>006</COLUMN>
       <LENGTH>015</LENGTH>
       <VISLENGTH>015</VISLENGTH>
       <HEIGHT>001</HEIGHT>
       <FORMAT>CHAR</FORMAT>
       <REQU_ENTRY>N</REQU_ENTRY>
       <LABELLEFT>X</LABELLEFT>
      </RPY_DYFATC>
      <RPY_DYFATC>
       <CONT_TYPE>SCREEN</CONT_TYPE>
       <CONT_NAME>SCREEN</CONT_NAME>
       <TYPE>TEMPLATE</TYPE>
       <NAME>GS_DATA_SOURCE-VIMA_VAL</NAME>
       <TEXT>________________</TEXT>
       <LINE>003</LINE>
       <COLUMN>027</COLUMN>
       <LENGTH>016</LENGTH>
       <VISLENGTH>016</VISLENGTH>
       <HEIGHT>001</HEIGHT>
       <GROUP1>VEW</GROUP1>
       <FORMAT>CHAR</FORMAT>
       <PARAM_ID>DVI</PARAM_ID>
       <INPUT_FLD>X</INPUT_FLD>
       <OUTPUT_FLD>X</OUTPUT_FLD>
       <MATCHCODE>DD_VIEW_16</MATCHCODE>
      </RPY_DYFATC>
      <RPY_DYFATC>
       <CONT_TYPE>SCREEN</CONT_TYPE>
       <CONT_NAME>SCREEN</CONT_NAME>
       <TYPE>TEXT</TYPE>
       <NAME>GS_DATA_SOURCE-DDL_SOURCE</NAME>
       <TEXT>DDL_Source_Name_____</TEXT>
       <LINE>004</LINE>
       <COLUMN>006</COLUMN>
       <LENGTH>020</LENGTH>
       <VISLENGTH>020</VISLENGTH>
       <HEIGHT>001</HEIGHT>
       <FORMAT>CHAR</FORMAT>
       <REQU_ENTRY>N</REQU_ENTRY>
       <LABELLEFT>X</LABELLEFT>
      </RPY_DYFATC>
      <RPY_DYFATC>
       <CONT_TYPE>SCREEN</CONT_TYPE>
       <CONT_NAME>SCREEN</CONT_NAME>
       <TYPE>TEMPLATE</TYPE>
       <NAME>GS_DATA_SOURCE-DDL_SOURCE</NAME>
       <TEXT>________________________________________</TEXT>
       <ROLLING>X</ROLLING>
       <LINE>004</LINE>
       <COLUMN>027</COLUMN>
       <LENGTH>040</LENGTH>
       <VISLENGTH>040</VISLENGTH>
       <HEIGHT>001</HEIGHT>
       <GROUP1>CDS</GROUP1>
       <FORMAT>CHAR</FORMAT>
       <INPUT_FLD>X</INPUT_FLD>
       <OUTPUT_FLD>X</OUTPUT_FLD>
       <MATCHCODE>FDT_SHLP_CDS</MATCHCODE>
      </RPY_DYFATC>
      <RPY_DYFATC>
       <CONT_TYPE>SCREEN</CONT_TYPE>
       <CONT_NAME>SCREEN</CONT_NAME>
       <TYPE>OKCODE</TYPE>
       <TEXT>____________________</TEXT>
       <LENGTH>020</LENGTH>
       <VISLENGTH>020</VISLENGTH>
       <HEIGHT>001</HEIGHT>
       <FORMAT>CHAR</FORMAT>
       <INPUT_FLD>X</INPUT_FLD>
      </RPY_DYFATC>
      <RPY_DYFATC>
       <CONT_TYPE>RADIOGROUP</CONT_TYPE>
       <CONT_NAME>%A_GS_SOURCE_TYPE-TABLE</CONT_NAME>
       <TYPE>RADIO</TYPE>
       <NAME>GS_SOURCE_TYPE-TABLE</NAME>
       <LINE>002</LINE>
       <COLUMN>003</COLUMN>
       <LENGTH>001</LENGTH>
       <VISLENGTH>001</VISLENGTH>
       <HEIGHT>001</HEIGHT>
       <PUSH_FCODE>SOURCE</PUSH_FCODE>
       <FORMAT>CHAR</FORMAT>
       <INPUT_FLD>X</INPUT_FLD>
       <OUTPUT_FLD>X</OUTPUT_FLD>
      </RPY_DYFATC>
      <RPY_DYFATC>
       <CONT_TYPE>RADIOGROUP</CONT_TYPE>
       <CONT_NAME>%A_GS_SOURCE_TYPE-TABLE</CONT_NAME>
       <TYPE>RADIO</TYPE>
       <NAME>GS_SOURCE_TYPE-VIEW</NAME>
       <LINE>003</LINE>
       <COLUMN>003</COLUMN>
       <LENGTH>001</LENGTH>
       <VISLENGTH>001</VISLENGTH>
       <HEIGHT>001</HEIGHT>
       <PUSH_FCODE>SOURCE</PUSH_FCODE>
       <FORMAT>CHAR</FORMAT>
       <INPUT_FLD>X</INPUT_FLD>
       <OUTPUT_FLD>X</OUTPUT_FLD>
      </RPY_DYFATC>
      <RPY_DYFATC>
       <CONT_TYPE>RADIOGROUP</CONT_TYPE>
       <CONT_NAME>%A_GS_SOURCE_TYPE-TABLE</CONT_NAME>
       <TYPE>RADIO</TYPE>
       <NAME>GS_SOURCE_TYPE-CDS</NAME>
       <LINE>004</LINE>
       <COLUMN>003</COLUMN>
       <LENGTH>001</LENGTH>
       <VISLENGTH>001</VISLENGTH>
       <HEIGHT>001</HEIGHT>
       <PUSH_FCODE>SOURCE</PUSH_FCODE>
       <FORMAT>CHAR</FORMAT>
       <INPUT_FLD>X</INPUT_FLD>
       <OUTPUT_FLD>X</OUTPUT_FLD>
      </RPY_DYFATC>
     </FIELDS>
     <FLOW_LOGIC>
      <RPY_DYFLOW>
       <LINE>PROCESS BEFORE OUTPUT.</LINE>
      </RPY_DYFLOW>
      <RPY_DYFLOW/>
      <RPY_DYFLOW>
       <LINE>MODULE output_9002.</LINE>
      </RPY_DYFLOW>
      <RPY_DYFLOW>
       <LINE>CALL SUBSCREEN detail INCLUDING sy-repid &apos;9003&apos;.</LINE>
      </RPY_DYFLOW>
      <RPY_DYFLOW/>
      <RPY_DYFLOW>
       <LINE>PROCESS AFTER INPUT.</LINE>
      </RPY_DYFLOW>
      <RPY_DYFLOW/>
      <RPY_DYFLOW>
       <LINE>CHAIN.</LINE>
      </RPY_DYFLOW>
      <RPY_DYFLOW>
       <LINE>FIELD: gs_source_type-table,</LINE>
      </RPY_DYFLOW>
      <RPY_DYFLOW>
       <LINE>gs_source_type-view,</LINE>
      </RPY_DYFLOW>
      <RPY_DYFLOW>
       <LINE>gs_source_type-cds.</LINE>
      </RPY_DYFLOW>
      <RPY_DYFLOW>
       <LINE>MODULE check_source_change ON CHAIN-REQUEST.</LINE>
      </RPY_DYFLOW>
      <RPY_DYFLOW>
       <LINE>ENDCHAIN.</LINE>
      </RPY_DYFLOW>
      <RPY_DYFLOW/>
      <RPY_DYFLOW>
       <LINE>CHAIN.</LINE>
      </RPY_DYFLOW>
      <RPY_DYFLOW>
       <LINE>FIELD: gs_data_source-tbma_val,</LINE>
      </RPY_DYFLOW>
      <RPY_DYFLOW>
       <LINE>gs_data_source-vima_val,</LINE>
      </RPY_DYFLOW>
      <RPY_DYFLOW>
       <LINE>gs_data_source-ddl_source.</LINE>
      </RPY_DYFLOW>
      <RPY_DYFLOW>
       <LINE>MODULE validate_source   ON CHAIN-REQUEST.</LINE>
      </RPY_DYFLOW>
      <RPY_DYFLOW>
       <LINE>ENDCHAIN.</LINE>
      </RPY_DYFLOW>
      <RPY_DYFLOW/>
      <RPY_DYFLOW>
       <LINE>CALL SUBSCREEN detail.</LINE>
      </RPY_DYFLOW>
      <RPY_DYFLOW/>
      <RPY_DYFLOW>
       <LINE>MODULE exit_command AT EXIT-COMMAND.</LINE>
      </RPY_DYFLOW>
      <RPY_DYFLOW>
       <LINE>MODULE user_command_9002.</LINE>
      </RPY_DYFLOW>
     </FLOW_LOGIC>
     <SPACES>
      <item>0</item>
      <item>0</item>
      <item>2</item>
      <item>2</item>
      <item>0</item>
      <item>0</item>
      <item>0</item>
      <item>2</item>
      <item>4</item>
      <item>11</item>
      <item>11</item>
      <item>4</item>
      <item>2</item>
      <item>0</item>
      <item>2</item>
      <item>4</item>
      <item>11</item>
      <item>11</item>
      <item>4</item>
      <item>2</item>
      <item>0</item>
      <item>2</item>
      <item>0</item>
      <item>2</item>
      <item>2</item>
     </SPACES>
    </item>
    <item>
     <HEADER>
      <PROGRAM>SAPLZFG_CDS_MODELLER_UI</PROGRAM>
      <SCREEN>9003</SCREEN>
      <LANGUAGE>E</LANGUAGE>
      <DESCRIPT>Subscreen for Detailed Selection</DESCRIPT>
      <TYPE>I</TYPE>
      <NEXTSCREEN>9003</NEXTSCREEN>
      <LINES>021</LINES>
      <COLUMNS>170</COLUMNS>
     </HEADER>
     <CONTAINERS>
      <RPY_DYCATT>
       <TYPE>SCREEN</TYPE>
       <NAME>SCREEN</NAME>
      </RPY_DYCATT>
      <RPY_DYCATT>
       <TYPE>CUST_CTRL</TYPE>
       <NAME>SELECTION</NAME>
       <ELEMENT_OF>SCREEN</ELEMENT_OF>
       <LINE>002</LINE>
       <COLUMN>002</COLUMN>
       <LENGTH>168</LENGTH>
       <HEIGHT>019</HEIGHT>
       <C_RESIZE_V>X</C_RESIZE_V>
       <C_RESIZE_H>X</C_RESIZE_H>
       <C_LINE_MIN>009</C_LINE_MIN>
       <C_COLN_MIN>050</C_COLN_MIN>
      </RPY_DYCATT>
     </CONTAINERS>
     <FIELDS>
      <RPY_DYFATC>
       <CONT_TYPE>SCREEN</CONT_TYPE>
       <CONT_NAME>SCREEN</CONT_NAME>
       <TYPE>FRAME</TYPE>
       <NAME>BOX1</NAME>
       <TEXT>Detailed_Selections_________________________________________________________________________________________________________________</TEXT>
       <LINE>001</LINE>
       <COLUMN>001</COLUMN>
       <LENGTH>170</LENGTH>
       <VISLENGTH>170</VISLENGTH>
       <HEIGHT>021</HEIGHT>
       <FORMAT>CHAR</FORMAT>
       <REQU_ENTRY>N</REQU_ENTRY>
      </RPY_DYFATC>
      <RPY_DYFATC>
       <CONT_TYPE>SCREEN</CONT_TYPE>
       <CONT_NAME>SCREEN</CONT_NAME>
       <TYPE>OKCODE</TYPE>
       <TEXT>____________________</TEXT>
       <LENGTH>020</LENGTH>
       <VISLENGTH>020</VISLENGTH>
       <HEIGHT>001</HEIGHT>
       <FORMAT>CHAR</FORMAT>
       <INPUT_FLD>X</INPUT_FLD>
      </RPY_DYFATC>
     </FIELDS>
     <FLOW_LOGIC>
      <RPY_DYFLOW>
       <LINE>PROCESS BEFORE OUTPUT.</LINE>
      </RPY_DYFLOW>
      <RPY_DYFLOW/>
      <RPY_DYFLOW>
       <LINE>module output_9003.</LINE>
      </RPY_DYFLOW>
      <RPY_DYFLOW>
       <LINE>MODULE instantiate_selections.</LINE>
      </RPY_DYFLOW>
      <RPY_DYFLOW/>
      <RPY_DYFLOW>
       <LINE>PROCESS AFTER INPUT.</LINE>
      </RPY_DYFLOW>
      <RPY_DYFLOW>
       <LINE>* MODULE USER_COMMAND_9003.</LINE>
      </RPY_DYFLOW>
     </FLOW_LOGIC>
     <SPACES>
      <item>0</item>
      <item>0</item>
      <item>2</item>
      <item>2</item>
      <item>0</item>
      <item>0</item>
      <item>0</item>
     </SPACES>
    </item>
   </DYNPROS>
   <CUA>
    <ADM>
     <ACTCODE>000002</ACTCODE>
     <MENCODE>000004</MENCODE>
     <PFKCODE>000003</PFKCODE>
    </ADM>
    <STA>
     <RSMPE_STAT>
      <CODE>9001</CODE>
      <MODAL>P</MODAL>
      <PFKCODE>000003</PFKCODE>
      <BUTCODE>0001</BUTCODE>
      <INT_NOTE>Screen 9001</INT_NOTE>
     </RSMPE_STAT>
     <RSMPE_STAT>
      <CODE>COCKPIT</CODE>
      <MODAL>D</MODAL>
      <ACTCODE>000001</ACTCODE>
      <PFKCODE>000001</PFKCODE>
      <BUTCODE>0001</BUTCODE>
      <INT_NOTE>Cockpit Toolbar</INT_NOTE>
     </RSMPE_STAT>
    </STA>
    <FUN>
     <RSMPE_FUNT>
      <CODE>BACK</CODE>
      <TEXTNO>001</TEXTNO>
      <TYPE>E</TYPE>
      <TEXT_TYPE>S</TEXT_TYPE>
      <FUN_TEXT>Back</FUN_TEXT>
     </RSMPE_FUNT>
     <RSMPE_FUNT>
      <CODE>CANCEL</CODE>
      <TEXTNO>001</TEXTNO>
      <TYPE>E</TYPE>
      <TEXT_TYPE>S</TEXT_TYPE>
      <TEXT_NAME>ICON_CANCEL</TEXT_NAME>
      <ICON_ID>@0W@</ICON_ID>
      <FUN_TEXT>Cancel</FUN_TEXT>
     </RSMPE_FUNT>
     <RSMPE_FUNT>
      <CODE>CONTINUE</CODE>
      <TEXTNO>001</TEXTNO>
      <TEXT_TYPE>S</TEXT_TYPE>
      <ICON_ID>@0V@</ICON_ID>
      <FUN_TEXT>Continue</FUN_TEXT>
     </RSMPE_FUNT>
     <RSMPE_FUNT>
      <CODE>CREATE</CODE>
      <TEXTNO>001</TEXTNO>
      <TEXT_TYPE>S</TEXT_TYPE>
      <TEXT_NAME>ICON_CREATE</TEXT_NAME>
      <ICON_ID>@0Y@</ICON_ID>
      <FUN_TEXT>Create CDS</FUN_TEXT>
      <INFO_TEXT>Create and Annotate CDS</INFO_TEXT>
      <PATH>C</PATH>
     </RSMPE_FUNT>
     <RSMPE_FUNT>
      <CODE>CREATEA</CODE>
      <TEXTNO>001</TEXTNO>
      <TEXT_TYPE>S</TEXT_TYPE>
      <FUN_TEXT>Create Association</FUN_TEXT>
      <PATH>E</PATH>
     </RSMPE_FUNT>
     <RSMPE_FUNT>
      <CODE>CREATEANNT</CODE>
      <TEXTNO>001</TEXTNO>
      <TEXT_TYPE>S</TEXT_TYPE>
      <FUN_TEXT>Create Annotation</FUN_TEXT>
      <PATH>N</PATH>
     </RSMPE_FUNT>
     <RSMPE_FUNT>
      <CODE>CREATEE</CODE>
      <TEXTNO>001</TEXTNO>
      <TEXT_TYPE>S</TEXT_TYPE>
      <FUN_TEXT>Create Element</FUN_TEXT>
      <PATH>R</PATH>
     </RSMPE_FUNT>
     <RSMPE_FUNT>
      <CODE>CREATEJ</CODE>
      <TEXTNO>001</TEXTNO>
      <TEXT_TYPE>S</TEXT_TYPE>
      <FUN_TEXT>Create Join</FUN_TEXT>
      <PATH>A</PATH>
     </RSMPE_FUNT>
     <RSMPE_FUNT>
      <CODE>CREATEP</CODE>
      <TEXTNO>001</TEXTNO>
      <TEXT_TYPE>S</TEXT_TYPE>
      <FUN_TEXT>Create Parameters</FUN_TEXT>
      <PATH>P</PATH>
     </RSMPE_FUNT>
     <RSMPE_FUNT>
      <CODE>CREATER</CODE>
      <TEXTNO>001</TEXTNO>
      <TEXT_TYPE>S</TEXT_TYPE>
      <FUN_TEXT>Create RefConstraint</FUN_TEXT>
      <PATH>T</PATH>
     </RSMPE_FUNT>
     <RSMPE_FUNT>
      <CODE>CREATES</CODE>
      <TEXTNO>001</TEXTNO>
      <TEXT_TYPE>S</TEXT_TYPE>
      <FUN_TEXT>Create SelConstraint</FUN_TEXT>
      <PATH>S</PATH>
     </RSMPE_FUNT>
     <RSMPE_FUNT>
      <CODE>CREATEV</CODE>
      <TEXTNO>001</TEXTNO>
      <TEXT_TYPE>S</TEXT_TYPE>
      <FUN_TEXT>Create View</FUN_TEXT>
      <PATH>C</PATH>
     </RSMPE_FUNT>
     <RSMPE_FUNT>
      <CODE>DISPLAY</CODE>
      <TEXTNO>001</TEXTNO>
      <TEXT_TYPE>S</TEXT_TYPE>
      <TEXT_NAME>ICON_DISPLAY</TEXT_NAME>
      <ICON_ID>@10@</ICON_ID>
      <FUN_TEXT>DIsplay DDL</FUN_TEXT>
     </RSMPE_FUNT>
     <RSMPE_FUNT>
      <CODE>ENTER</CODE>
      <TEXTNO>001</TEXTNO>
      <TEXT_TYPE>S</TEXT_TYPE>
      <TEXT_NAME>ICON_OKAY</TEXT_NAME>
      <ICON_ID>@0V@</ICON_ID>
      <FUN_TEXT>Enter</FUN_TEXT>
     </RSMPE_FUNT>
     <RSMPE_FUNT>
      <CODE>EXIT</CODE>
      <TEXTNO>001</TEXTNO>
      <TYPE>E</TYPE>
      <TEXT_TYPE>S</TEXT_TYPE>
      <FUN_TEXT>Exit</FUN_TEXT>
     </RSMPE_FUNT>
     <RSMPE_FUNT>
      <CODE>GENERATE</CODE>
      <TEXTNO>001</TEXTNO>
      <TEXT_TYPE>S</TEXT_TYPE>
      <TEXT_NAME>ICON_GENERATE</TEXT_NAME>
      <ICON_ID>@39@</ICON_ID>
      <FUN_TEXT>Generate DDL Source</FUN_TEXT>
     </RSMPE_FUNT>
     <RSMPE_FUNT>
      <CODE>SAVE</CODE>
      <TEXTNO>001</TEXTNO>
      <TEXT_TYPE>S</TEXT_TYPE>
      <TEXT_NAME>ICON_SYSTEM_SAVE</TEXT_NAME>
      <ICON_ID>@2L@</ICON_ID>
      <FUN_TEXT>Save</FUN_TEXT>
     </RSMPE_FUNT>
    </FUN>
    <MEN>
     <RSMPE_MEN>
      <CODE>000002</CODE>
      <NO>01</NO>
      <REF_TYPE>F</REF_TYPE>
      <REF_CODE>CREATEV</REF_CODE>
      <REF_NO>001</REF_NO>
     </RSMPE_MEN>
     <RSMPE_MEN>
      <CODE>000002</CODE>
      <NO>02</NO>
      <REF_TYPE>F</REF_TYPE>
      <REF_CODE>CREATEE</REF_CODE>
      <REF_NO>001</REF_NO>
     </RSMPE_MEN>
     <RSMPE_MEN>
      <CODE>000002</CODE>
      <NO>03</NO>
      <REF_TYPE>F</REF_TYPE>
      <REF_CODE>CREATEA</REF_CODE>
      <REF_NO>001</REF_NO>
     </RSMPE_MEN>
     <RSMPE_MEN>
      <CODE>000002</CODE>
      <NO>04</NO>
      <REF_TYPE>F</REF_TYPE>
      <REF_CODE>CREATEJ</REF_CODE>
      <REF_NO>001</REF_NO>
     </RSMPE_MEN>
     <RSMPE_MEN>
      <CODE>000002</CODE>
      <NO>05</NO>
      <REF_TYPE>F</REF_TYPE>
      <REF_CODE>CREATER</REF_CODE>
      <REF_NO>001</REF_NO>
     </RSMPE_MEN>
     <RSMPE_MEN>
      <CODE>000002</CODE>
      <NO>06</NO>
      <REF_TYPE>F</REF_TYPE>
      <REF_CODE>CREATES</REF_CODE>
      <REF_NO>001</REF_NO>
     </RSMPE_MEN>
     <RSMPE_MEN>
      <CODE>000002</CODE>
      <NO>07</NO>
      <REF_TYPE>F</REF_TYPE>
      <REF_CODE>CREATEANNT</REF_CODE>
      <REF_NO>001</REF_NO>
     </RSMPE_MEN>
     <RSMPE_MEN>
      <CODE>000003</CODE>
      <NO>01</NO>
      <REF_TYPE>F</REF_TYPE>
      <REF_CODE>CREATE</REF_CODE>
      <REF_NO>001</REF_NO>
     </RSMPE_MEN>
     <RSMPE_MEN>
      <CODE>000004</CODE>
      <NO>01</NO>
      <REF_TYPE>F</REF_TYPE>
      <REF_CODE>CREATEV</REF_CODE>
      <REF_NO>001</REF_NO>
     </RSMPE_MEN>
     <RSMPE_MEN>
      <CODE>000004</CODE>
      <NO>02</NO>
      <REF_TYPE>F</REF_TYPE>
      <REF_CODE>CREATEE</REF_CODE>
      <REF_NO>001</REF_NO>
     </RSMPE_MEN>
     <RSMPE_MEN>
      <CODE>000004</CODE>
      <NO>03</NO>
      <REF_TYPE>F</REF_TYPE>
      <REF_CODE>CREATEA</REF_CODE>
      <REF_NO>001</REF_NO>
     </RSMPE_MEN>
     <RSMPE_MEN>
      <CODE>000004</CODE>
      <NO>04</NO>
      <REF_TYPE>F</REF_TYPE>
      <REF_CODE>CREATEJ</REF_CODE>
      <REF_NO>001</REF_NO>
     </RSMPE_MEN>
     <RSMPE_MEN>
      <CODE>000004</CODE>
      <NO>05</NO>
      <REF_TYPE>F</REF_TYPE>
      <REF_CODE>CREATER</REF_CODE>
      <REF_NO>001</REF_NO>
     </RSMPE_MEN>
     <RSMPE_MEN>
      <CODE>000004</CODE>
      <NO>06</NO>
      <REF_TYPE>F</REF_TYPE>
      <REF_CODE>CREATES</REF_CODE>
      <REF_NO>001</REF_NO>
     </RSMPE_MEN>
     <RSMPE_MEN>
      <CODE>000004</CODE>
      <NO>07</NO>
      <REF_TYPE>F</REF_TYPE>
      <REF_CODE>CREATEP</REF_CODE>
      <REF_NO>001</REF_NO>
     </RSMPE_MEN>
    </MEN>
    <MTX>
     <RSMPE_MNLT>
      <CODE>000001</CODE>
      <TEXT_TYPE>S</TEXT_TYPE>
      <TEXT>Create</TEXT>
      <INT_NOTE>Create</INT_NOTE>
     </RSMPE_MNLT>
     <RSMPE_MNLT>
      <CODE>000002</CODE>
      <TEXT_TYPE>S</TEXT_TYPE>
      <TEXT>Create</TEXT>
     </RSMPE_MNLT>
     <RSMPE_MNLT>
      <CODE>000003</CODE>
      <TEXT_TYPE>S</TEXT_TYPE>
      <TEXT>Create</TEXT>
      <INT_NOTE>Operations</INT_NOTE>
     </RSMPE_MNLT>
     <RSMPE_MNLT>
      <CODE>000004</CODE>
      <TEXT_TYPE>S</TEXT_TYPE>
      <TEXT>Create</TEXT>
     </RSMPE_MNLT>
    </MTX>
    <BUT>
     <RSMPE_BUT>
      <PFK_CODE>000003</PFK_CODE>
      <CODE>0001</CODE>
      <NO>01</NO>
      <PFNO>00</PFNO>
     </RSMPE_BUT>
     <RSMPE_BUT>
      <PFK_CODE>000003</PFK_CODE>
      <CODE>0001</CODE>
      <NO>02</NO>
      <PFNO>12</PFNO>
     </RSMPE_BUT>
    </BUT>
    <PFK>
     <RSMPE_PFK>
      <CODE>000001</CODE>
      <PFNO>00</PFNO>
      <FUNCODE>ENTER</FUNCODE>
      <FUNNO>001</FUNNO>
     </RSMPE_PFK>
     <RSMPE_PFK>
      <CODE>000001</CODE>
      <PFNO>03</PFNO>
      <FUNCODE>BACK</FUNCODE>
      <FUNNO>001</FUNNO>
     </RSMPE_PFK>
     <RSMPE_PFK>
      <CODE>000001</CODE>
      <PFNO>11</PFNO>
      <FUNCODE>SAVE</FUNCODE>
      <FUNNO>001</FUNNO>
     </RSMPE_PFK>
     <RSMPE_PFK>
      <CODE>000001</CODE>
      <PFNO>12</PFNO>
      <FUNCODE>CANCEL</FUNCODE>
      <FUNNO>001</FUNNO>
     </RSMPE_PFK>
     <RSMPE_PFK>
      <CODE>000001</CODE>
      <PFNO>13</PFNO>
      <FUNCODE>CREATE</FUNCODE>
      <FUNNO>001</FUNNO>
     </RSMPE_PFK>
     <RSMPE_PFK>
      <CODE>000001</CODE>
      <PFNO>14</PFNO>
      <FUNCODE>DISPLAY</FUNCODE>
      <FUNNO>001</FUNNO>
     </RSMPE_PFK>
     <RSMPE_PFK>
      <CODE>000001</CODE>
      <PFNO>15</PFNO>
      <FUNCODE>EXIT</FUNCODE>
      <FUNNO>001</FUNNO>
     </RSMPE_PFK>
     <RSMPE_PFK>
      <CODE>000001</CODE>
      <PFNO>16</PFNO>
      <FUNCODE>GENERATE</FUNCODE>
      <FUNNO>001</FUNNO>
     </RSMPE_PFK>
     <RSMPE_PFK>
      <CODE>000003</CODE>
      <PFNO>00</PFNO>
      <FUNCODE>ENTER</FUNCODE>
      <FUNNO>001</FUNNO>
     </RSMPE_PFK>
     <RSMPE_PFK>
      <CODE>000003</CODE>
      <PFNO>12</PFNO>
      <FUNCODE>CANCEL</FUNCODE>
      <FUNNO>001</FUNNO>
     </RSMPE_PFK>
    </PFK>
    <SET>
     <RSMPE_STAF>
      <STATUS>9001</STATUS>
      <FUNCTION>CANCEL</FUNCTION>
     </RSMPE_STAF>
     <RSMPE_STAF>
      <STATUS>9001</STATUS>
      <FUNCTION>CONTINUE</FUNCTION>
     </RSMPE_STAF>
     <RSMPE_STAF>
      <STATUS>9001</STATUS>
      <FUNCTION>ENTER</FUNCTION>
     </RSMPE_STAF>
     <RSMPE_STAF>
      <STATUS>COCKPIT</STATUS>
      <FUNCTION>BACK</FUNCTION>
     </RSMPE_STAF>
     <RSMPE_STAF>
      <STATUS>COCKPIT</STATUS>
      <FUNCTION>CANCEL</FUNCTION>
     </RSMPE_STAF>
     <RSMPE_STAF>
      <STATUS>COCKPIT</STATUS>
      <FUNCTION>CREATE</FUNCTION>
     </RSMPE_STAF>
     <RSMPE_STAF>
      <STATUS>COCKPIT</STATUS>
      <FUNCTION>DISPLAY</FUNCTION>
     </RSMPE_STAF>
     <RSMPE_STAF>
      <STATUS>COCKPIT</STATUS>
      <FUNCTION>ENTER</FUNCTION>
     </RSMPE_STAF>
     <RSMPE_STAF>
      <STATUS>COCKPIT</STATUS>
      <FUNCTION>EXIT</FUNCTION>
     </RSMPE_STAF>
     <RSMPE_STAF>
      <STATUS>COCKPIT</STATUS>
      <FUNCTION>GENERATE</FUNCTION>
     </RSMPE_STAF>
     <RSMPE_STAF>
      <STATUS>COCKPIT</STATUS>
      <FUNCTION>SAVE</FUNCTION>
     </RSMPE_STAF>
    </SET>
    <DOC>
     <RSMPE_ATRT>
      <OBJ_TYPE>A</OBJ_TYPE>
      <OBJ_CODE>000001</OBJ_CODE>
      <MODAL>D</MODAL>
      <INT_NOTE>Cockpit Toolbar</INT_NOTE>
     </RSMPE_ATRT>
     <RSMPE_ATRT>
      <OBJ_TYPE>P</OBJ_TYPE>
      <OBJ_CODE>000001</OBJ_CODE>
      <MODAL>D</MODAL>
      <INT_NOTE>Cockpit Toolbar</INT_NOTE>
     </RSMPE_ATRT>
     <RSMPE_ATRT>
      <OBJ_TYPE>B</OBJ_TYPE>
      <OBJ_CODE>000001</OBJ_CODE>
      <SUB_CODE>0001</SUB_CODE>
      <MODAL>D</MODAL>
      <INT_NOTE>Cockpit Toolbar</INT_NOTE>
     </RSMPE_ATRT>
     <RSMPE_ATRT>
      <OBJ_TYPE>A</OBJ_TYPE>
      <OBJ_CODE>000002</OBJ_CODE>
      <MODAL>D</MODAL>
      <INT_NOTE>User Input</INT_NOTE>
     </RSMPE_ATRT>
     <RSMPE_ATRT>
      <OBJ_TYPE>P</OBJ_TYPE>
      <OBJ_CODE>000002</OBJ_CODE>
      <MODAL>D</MODAL>
      <INT_NOTE>User Input</INT_NOTE>
     </RSMPE_ATRT>
     <RSMPE_ATRT>
      <OBJ_TYPE>B</OBJ_TYPE>
      <OBJ_CODE>000002</OBJ_CODE>
      <SUB_CODE>0001</SUB_CODE>
      <MODAL>D</MODAL>
      <INT_NOTE>User Input</INT_NOTE>
     </RSMPE_ATRT>
     <RSMPE_ATRT>
      <OBJ_TYPE>P</OBJ_TYPE>
      <OBJ_CODE>000003</OBJ_CODE>
      <MODAL>P</MODAL>
      <INT_NOTE>Screen 9001</INT_NOTE>
     </RSMPE_ATRT>
     <RSMPE_ATRT>
      <OBJ_TYPE>B</OBJ_TYPE>
      <OBJ_CODE>000003</OBJ_CODE>
      <SUB_CODE>0001</SUB_CODE>
      <MODAL>P</MODAL>
      <INT_NOTE>Screen 9001</INT_NOTE>
     </RSMPE_ATRT>
    </DOC>
    <TIT>
     <RSMPE_TITT>
      <CODE>9001</CODE>
      <TEXT>Provde CDS DDL Inputs</TEXT>
     </RSMPE_TITT>
     <RSMPE_TITT>
      <CODE>COCKPIT</CODE>
      <TEXT>CDS Modeller</TEXT>
     </RSMPE_TITT>
    </TIT>
   </CUA>
  </asx:values>
 </asx:abap>
</abapGit>
